"","CHICK_ID","COLONY","TYPE","TAG_NO","TAG_STRIPE","NEST_NO","CHICK_NO","UNIQID","BANDNUMB","AVID","DATE","TIME","FLD_WEIGHT","BAG_WEIGHT","WEIGHT","WING","BILL_LEN","BILL_DEPTH","TIBIOTAR","FOOT","PER_MOLT","SEASON","OUTCOME","STUDY","NOTES"
"367","1213-26-A","CROZ","WB",0,NA,"26","A",NA,NA,NA,2012-12-19,1615,295,20,275,45,11.6,9.48,NA,0,NA,"1213",NA,"CG",NA
"368","1213-26-B","CROZ","WB",0,NA,"26","B",NA,NA,NA,2012-12-19,1615,240,20,220,45,11.19,8.47,NA,0,NA,"1213",NA,"CG",NA
"369","1213-27-A","CROZ","WB",0,NA,"27","A",NA,NA,NA,2012-12-19,1630,470,20,450,63,12.51,10.06,NA,0,NA,"1213",NA,"CG",NA
"370","1213-27-B","CROZ","WB",0,NA,"27","B",NA,NA,NA,2012-12-19,1630,250,20,230,45,11.49,8.24,NA,0,NA,"1213",NA,"CG",NA
"371","1213-22-A","CROZ","WB",0,NA,"22","A",NA,NA,NA,2012-12-19,1658,720,20,700,67,11.78,8.98,NA,0,NA,"1213",NA,"CG",NA
"372","1213-22-B","CROZ","WB",0,NA,"22","B",NA,NA,NA,2012-12-19,1658,745,20,725,70,13.48,10.31,NA,0,NA,"1213",NA,"CG",NA
"373","1213-28-A","CROZ","WB",0,NA,"28","A",NA,NA,NA,2012-12-19,1725,385,20,365,48,11.99,9.38,NA,0,NA,"1213",NA,"CG",NA
"374","1213-28-B","CROZ","WB",0,NA,"28","B",NA,NA,NA,2012-12-19,1725,355,20,335,45,11.94,8.89,NA,0,NA,"1213",NA,"CG",NA
"375","1213-23-A","CROZ","WB",0,NA,"23","A",NA,NA,NA,2012-12-17,1600,180,10,170,43,10.77,9.26,NA,0,NA,"1213",NA,"CG",NA
"376","1213-23-B","CROZ","WB",NA,NA,"23","B",NA,NA,NA,2012-12-17,1600,390,10,380,53,10.45,10,NA,0,NA,"1213",NA,"CG",NA
"377","1213-24-A","CROZ","WB",527,"100/000","24","A",NA,NA,NA,2012-12-20,1850,720,20,700,64,12.57,8.44,NA,60,NA,"1213",NA,"CG",NA
"378","1213-24-B","CROZ","WB",528,"010/000","24","B",NA,NA,NA,2012-12-20,1850,505,20,485,59,11.45,9.09,NA,58,NA,"1213",NA,"CG",NA
"379","1213-7-A","CROZ","WB",529,"001/000","7","A",NA,NA,NA,2012-12-20,1915,555,20,535,62,11.83,9.2,NA,62,NA,"1213",NA,"CG",NA
"380","1213-7-B","CROZ","WB",530,"110/000","7","B",NA,NA,NA,2012-12-20,1915,355,20,335,51,10.46,8.61,NA,51,NA,"1213",NA,"CG",NA
"387","1213-4-A","CROZ","WB",531,"101/000","4","A",NA,NA,NA,2012-12-23,1415,570,20,550,70,12.38,NA,83,73,NA,"1213",NA,"CG","starting with this chick, we dropped bill depth and added metatarsus length"
"388","1213-4-B","CROZ","WB",532,"011/000","4","B",NA,NA,NA,2012-12-23,1415,375,20,355,60,12.09,NA,70,63,NA,"1213",NA,"CG",NA
"389","1213-23-A","CROZ","WB",533,"111/000","23","A",NA,NA,NA,2012-12-23,1426,900,20,880,80,13.61,NA,93,77,NA,"1213",NA,"CG",NA
"390","1213-23-B","CROZ","WB",534,"000/100","23","B",NA,NA,NA,2012-12-23,1426,560,20,540,66,12.15,NA,74,60,NA,"1213",NA,"CG",NA
"391","1213-10-A","CROZ","WB",535,"100/100","10","A",NA,NA,NA,2012-12-23,1441,270,20,250,55,11.46,NA,70,54,NA,"1213",NA,"CG",NA
"392","1213-10-B","CROZ","WB",NA,NA,"10","B",NA,NA,NA,2012-12-23,1441,205,20,185,49,10.97,NA,66,50,NA,"1213",NA,"CG","too small for fish tag"
"393","1213-11-A","CROZ","WB",536,"010/100","11","A",NA,NA,NA,2012-12-23,1451,685,20,665,65,12.71,NA,79,68,NA,"1213",NA,"CG",NA
"394","1213-11-B","CROZ","WB",537,"001/100","11","B",NA,NA,NA,2012-12-23,1451,515,20,495,57,10.63,NA,69,58,NA,"1213",NA,"CG",NA
"395","1213-13-A","CROZ","WB",538,"110/100","13","A",NA,NA,NA,2012-12-23,1458,660,20,640,72,14.01,NA,79,66,NA,"1213",NA,"CG",NA
"396","1213-22-A","CROZ","WB",539,"101/100","22","A",NA,NA,NA,2012-12-24,1430,1550,27,1523,115,14.73,NA,97,86,NA,"1213",NA,"CG",NA
"397","1213-22-B","CROZ","WB",540,"011/100","22","B",NA,NA,NA,2012-12-24,1430,1075,27,1048,113,13.76,NA,99,82,NA,"1213",NA,"CG",NA
"398","1213-19-A","CROZ","WB",541,"111/000","19","A",NA,NA,NA,2012-12-24,1445,815,27,788,76,12.31,NA,85,70,NA,"1213",NA,"CG",NA
"399","1213-19-B","CROZ","WB",542,"000/010","19","B",NA,NA,NA,2012-12-24,1445,520,27,493,54,11.98,NA,71,57,NA,"1213",NA,"CG",NA
"400","1213-16-A","CROZ","WB",NA,NA,"16","A",NA,NA,NA,2012-12-24,1415,280,27,253,50,10.23,NA,56,46,NA,"1213",NA,"CG",NA
"401","1213-16-B","CROZ","WB",NA,NA,"16","B",NA,NA,NA,2012-12-24,1415,110,27,83,38,9.1,NA,38,38,NA,"1213",NA,"CG",NA
"402","1213-25-S","CROZ","WB",543,"100/010","25","S",NA,NA,NA,2012-12-25,1110,635,25,610,80,13.59,NA,85,69,NA,"1213",NA,"CG",NA
"403","1213-18-S","CROZ","WB",544,"010/010","18","S",NA,NA,NA,2012-12-25,1330,780,25,765,77,13.31,NA,88,72,NA,"1213",NA,"CG",NA
"404","1213-27-A","CROZ","WB",545,"001/010","27","A",NA,NA,NA,2012-12-25,1337,1075,25,1050,93,14.24,NA,99,83,NA,"1213",NA,"CG","5 KG SCALE"
"405","1213-27-B","CROZ","WB",546,"110/010","27","B",NA,NA,NA,2012-12-25,1337,610,25,585,63,12.9,NA,76,60,NA,"1213",NA,"CG",NA
"406","1213-5-A","CROZ","WB",547,"101/010","5","A",NA,NA,NA,2012-12-25,1352,730,25,705,72,11.99,NA,86,74,NA,"1213",NA,"CG",NA
"407","1213-5-B","CROZ","WB",548,"011/010","5","B",NA,NA,NA,2012-12-25,1352,430,25,405,60,11.95,NA,72,60,NA,"1213",NA,"CG",NA
"408","1213-28-B","CROZ","WB",549,"111/010","28","B",NA,NA,NA,2012-12-25,1425,1075,15,1060,72,13.24,NA,85,70,NA,"1213",NA,"CG","marked ch A foot on 12/19. mark gone 12/25, so lighter, shorter-billed chick is B. leg lengths same."
"409","1213-28-A","CROZ","WB",550,"000/001","28","A",NA,NA,NA,2012-12-25,1425,1125,15,1110,73,13.73,NA,85,70,NA,"1213",NA,"CG","marked ch A foot on 12/19. mark gone 12/25, so heavier, longer-billed chick is A. leg lengths same."
"410","1213-24-B","CROZ","WB",528,"010/000","24","B",NA,NA,NA,2012-12-25,1413,1000,15,985,81,13.67,NA,91,76,NA,"1213",NA,"CG",NA
"411","1213-24-A","CROZ","WB",527,"100/000","24","A",NA,NA,NA,2012-12-25,1413,1375,15,1360,97,14.02,NA,106,83,NA,"1213",NA,"CG",NA
"412","1213-7-B","CROZ","WB",530,"110/000","7","B",NA,NA,NA,2012-12-25,1441,710,27,693,72,13.13,NA,80,67,NA,"1213",NA,"CG",NA
"413","1213-7-A","CROZ","WB",529,"001/000","7","A",NA,NA,NA,2012-12-25,1441,1050,15,1035,95,13.45,NA,100,82,NA,"1213",NA,"CG",NA
"414","1213-2-A","CROZ","WB",551,"100/001","2","A",NA,NA,NA,2012-12-26,1301,710,23,687,59,11.79,NA,73,61,NA,"1213",NA,"CG",NA
"415","1213-2-B","CROZ","WB",552,"010/001","2","B",NA,NA,NA,2012-12-26,1301,435,23,412,48,11.12,NA,64,50,NA,"1213",NA,"CG",NA
"416","1213-26-A","CROZ","WB",553,"001/001","26","A",NA,NA,NA,2012-12-26,1307,620,23,597,64,12.15,NA,77,63,NA,"1213",NA,"CG","poo: mix krill and fish"
"417","1213-26-B","CROZ","WB",554,"110/001","26","B",NA,NA,NA,2012-12-26,1307,525,23,502,64,12.59,NA,79,64,NA,"1213",NA,"CG",NA
"418","1213-21-A","CROZ","WB",555,"101/001","21","A",NA,NA,NA,2012-12-26,1322,570,23,547,65,11.56,NA,73,63,NA,"1213",NA,"CG",NA
"419","1213-21-B","CROZ","WB",556,"011/001","21","B",NA,NA,NA,2012-12-26,1322,350,23,327,52,10.69,NA,61,54,NA,"1213",NA,"CG",NA
"420","1213-12-A","CROZ","WB",557,"111/001","12","A",NA,NA,NA,2012-12-26,1336,480,23,457,64,12.12,NA,75,67,NA,"1213",NA,"CG",NA
"421","1213-12-B","CROZ","WB",558,"000/110","12","B",NA,NA,NA,2012-12-26,1336,335,23,322,54,10.78,NA,62,55,NA,"1213",NA,"CG",NA
"422","1213-14-A","CROZ","WB",559,"100/110","14","A",NA,NA,NA,2012-12-27,1540,665,25,640,71,12.74,NA,77,70,NA,"1213",NA,"CG",NA
"423","1213-14-B","CROZ","WB",560,"010/110","14","B",NA,NA,NA,2012-12-27,1540,430,25,405,56,11.49,NA,66,57,NA,"1213",NA,"CG",NA
"424","1213-6-A","CROZ","WB",561,"001/110","6","A",NA,NA,NA,2012-12-27,1557,775,25,750,70,12.6,NA,84,72,NA,"1213",NA,"CG",NA
"425","1213-6-B","CROZ","WB",562,"110/110","6","B",NA,NA,NA,2012-12-27,1557,495,25,470,61,10.6,NA,73,55,NA,"1213",NA,"CG",NA
"426","1213-4-A","CROZ","WB",531,"101/000","4","A",NA,NA,NA,2012-12-28,1330,1550,100,1450,102,13.92,NA,105,90,NA,"1213",NA,"CG",NA
"427","1213-4-B","CROZ","WB",532,"011/000","4","B",NA,NA,NA,2012-12-28,1330,1225,100,1125,87,12.36,NA,95,84,NA,"1213",NA,"CG",NA
"428","1213-23-A","CROZ","WB",533,"111/000","23","A",NA,NA,NA,2012-12-28,1345,1650,100,1550,121,15.43,NA,111,94,NA,"1213",NA,"CG",NA
"429","1213-23-B","CROZ","WB",534,"000/100","23","B",NA,NA,NA,2012-12-28,1345,1250,100,1150,97,15.45,NA,96,78,NA,"1213",NA,"CG",NA
"430","1213-11-A","CROZ","WB",536,"010/100","11","A",NA,NA,NA,2012-12-28,1355,1475,100,1375,99,14.42,NA,97,88,NA,"1213",NA,"CG",NA
"431","1213-11-B","CROZ","WB",537,"011/100","11","B",NA,NA,NA,2012-12-28,1355,1250,100,1150,91,13.11,NA,95,77,NA,"1213",NA,"CG",NA
"433","1213-19-A","CROZ","WB",541,"111/100","19","A",NA,NA,NA,2012-12-29,1304,1125,75,1050,110,12.96,NA,108,84,NA,"1213",NA,"CG",NA
"434","1213-19-B","CROZ","WB",542,"000/010","19","B",NA,NA,NA,2012-12-29,1304,875,80,795,91,11.98,NA,104,78,NA,"1213",NA,"CG",NA
"435","1213-15-A","CROZ","WB",563,"101/110","15","A",NA,NA,NA,2012-12-29,1312,935,80,855,77,12.34,NA,91,72,NA,"1213",NA,"CG",NA
"436","1213-15-B","CROZ","WB",564,"011/110","15","B",NA,NA,NA,2012-12-29,1312,750,80,670,71,12.17,NA,82,69,NA,"1213",NA,"CG",NA
"437","1213-16-A","CROZ","WB",565,"111/110","16","A",NA,NA,NA,2012-12-29,1320,815,80,725,77,12.11,NA,84,69,NA,"1213",NA,"CG",NA
"438","1213-22-A","CROZ","WB",539,"101/100","22","A",NA,NA,NA,2012-12-29,1400,2100,75,2025,144,15.63,NA,132,97,NA,"1213",NA,"CG","FIRST DAY UNATTENDED. PARENT WAS THERE, CLEANA DN WET, WHEN RETURNED CHX TO NEST."
"439","1213-22-B","CROZ","WB",540,"011/100","22","B",NA,NA,NA,2012-12-29,1400,1825,75,1750,145,15.24,NA,117,98,NA,"1213",NA,"CG","FIRST DAY UNATTENDED. PARENT WAS THERE, CLEANA DN WET, WHEN RETURNED CHX TO NEST."
"440","1213-13-A","CROZ","WB",538,"100/100","13","A",NA,NA,NA,2012-12-30,1451,9999,9999,9999,99,16.16,NA,100,86,NA,"1213",NA,"CG","SKUAS FINALLY GOT THIS GUY. ONLY SKIN AND SKELETON LEFT. F.T. WOUND SEEMS FINE ON INSIDE."
"441","1213-25-S","CROZ","WB",543,"100/010","25","S",NA,NA,NA,2012-12-30,1515,1375,75,1300,110,14.49,NA,109,84,NA,"1213",NA,"CG",NA
"442","1213-18-S","CROZ","WB",544,"010/010","18","S",NA,NA,NA,2012-12-30,1520,1200,75,1125,112,14.09,NA,112,87,NA,"1213",NA,"CG",NA
"443","1213-27-A","CROZ","WB",545,"001/100","27","A",NA,NA,NA,2012-12-30,1520,2275,75,2200,130,16.58,NA,122,98,NA,"1213",NA,"CG",NA
"444","1213-27-B","CROZ","WB",546,"110/010","27","B",NA,NA,NA,2012-12-30,1520,975,75,900,91,14.68,NA,98,85,NA,"1213",NA,"CG","5 KG SCALE DESPITE <1KG"
"445","1213-5-A","CROZ","WB",547,"101/010","5","A",NA,NA,NA,2012-12-30,1532,1450,75,1375,108,14.82,NA,107,92,NA,"1213",NA,"CG",NA
"446","1213-5-B","CROZ","WB",548,"011/010","5","B",NA,NA,NA,2012-12-30,1532,975,75,900,84,12.81,NA,95,81,NA,"1213",NA,"CG","5 KG SCALE DESPITE <1KG"
"447","1213-24-A","CROZ","WB",527,"100/000","24","A",NA,NA,NA,2012-12-30,1540,1650,75,1575,131,16.15,NA,125,94,NA,"1213",NA,"CG",NA
"448","1213-28-A","CROZ","WB",550,"000/001","28","A",NA,NA,NA,2012-12-30,1550,1375,75,1300,109,15.96,NA,108,89,NA,"1213",NA,"CG",NA
"449","1213-28-B","CROZ","WB",549,"111/010","28","B",NA,NA,NA,2012-12-30,1550,1500,75,1425,103,14.73,NA,109,90,NA,"1213",NA,"CG",NA
"450","1213-7-B","CROZ","WB",530,"110/000","7","B",NA,NA,NA,2012-12-30,1610,1275,75,1200,100,13.31,NA,101,81,NA,"1213",NA,"CG",NA
"451","1213-24-B","CROZ","WB",528,"010/000","24","B",NA,NA,NA,2012-12-30,1610,1600,75,1525,101,13.66,NA,112,85,NA,"1213",NA,"CG",NA
"452","1213-7-A","CROZ","WB",529,"001/000","7","A",NA,NA,NA,2012-12-30,1610,1650,75,1575,133,14.87,NA,119,95,NA,"1213",NA,"CG",NA
"453","1213-1-A","CROZ","WB",567,"100/101","1","A",NA,NA,NA,2012-12-31,2000,815,85,730,69,12.11,NA,78,65,NA,"1213",NA,"CG",NA
"454","1213-1-B","CROZ","WB",568,"010/101","1","B",NA,NA,NA,2012-12-31,2000,595,85,510,56,10.85,NA,66,56,NA,"1213",NA,"CG",NA
"455","1213-26-A","CROZ","WB",553,"001/001","26","A",NA,NA,NA,2012-12-31,2004,1675,90,1585,90,13.93,NA,101,83,NA,"1213",NA,"CG",NA
"456","1213-3-S","CROZ","WB",569,"001/101","3","S",NA,NA,NA,2012-12-31,2010,660,85,575,62,12.26,NA,74,65,NA,"1213",NA,"CG","POOP 60% KRILL, 20%FISH"
"457","1213-2-A","CROZ","WB",551,"100/001","2","A",NA,NA,NA,2012-12-31,2014,1125,75,1050,90,14.88,NA,97,83,NA,"1213",NA,"CG",NA
"458","1213-2-B","CROZ","WB",552,"010/001","2","B",NA,NA,NA,2012-12-31,2014,725,85,540,73,14.17,NA,91,72,NA,"1213",NA,"CG",NA
"459","1213-12-B","CROZ","WB",558,"000/110","12","B",NA,NA,NA,2012-12-31,2020,665,95,570,74,12.47,NA,85,72,NA,"1213",NA,"CG",NA
"460","1213-12-A","CROZ","WB",557,"111/001","12","A",NA,NA,NA,2012-12-31,2020,855,95,760,95,15.36,NA,101,86,NA,"1213",NA,"CG",NA
"461","1213-21-A","CROZ","WB",555,"101/001","21","A",NA,NA,NA,2012-12-31,2030,1250,120,1130,95,12.16,NA,99,85,NA,"1213",NA,"CG","POOP 90% KRILL, 10% FISH"
"462","1213-21-B","CROZ","WB",556,"011/001","21","B",NA,NA,NA,2012-12-31,2030,705,95,610,75,12.47,NA,86,70,NA,"1213",NA,"CG",NA
"463","1213-6-A","CROZ","WB",561,"001/110","6","A",NA,NA,NA,2013-01-01,1830,1225,75,1150,109,13.32,NA,108,88,NA,"1213",NA,"CG",NA
"464","1213-6-B","CROZ","WB",562,"110/110","6","B",NA,NA,NA,2013-01-01,1830,865,85,780,86,12.55,NA,98,80,NA,"1213",NA,"CG",NA
"465","1213-14-B","CROZ","WB",560,"010/110","14","B",NA,NA,NA,2013-01-01,1845,750,85,665,80,13.2,NA,88,74,NA,"1213",NA,"CG",NA
"466","1213-14-A","CROZ","WB",559,"100/110","14","A",NA,NA,NA,2013-01-01,1845,1275,75,1200,100,14.38,NA,100,87,NA,"1213",NA,"CG","POOP 90% KRILL, 10% FISH"
"467","1213-23-A","CROZ","WB",533,"111/000","23","A",NA,0,0,2013-01-02,1800,2625,100,2525,153,16.99,0,120,103,NA,"1213",NA,"CG","LITTLE BIT OF CHIN MOLT"
"468","1213-11-B","CROZ","WB",537,"001/100","11","B",NA,0,0,2013-01-02,1810,1375,100,1275,128,14.81,0,114,95,NA,"1213",NA,"CG",NA
"469","1213-11-A","CROZ","WB",536,"010/100","11","A",NA,0,0,2013-01-02,1810,1700,100,1600,134,14.93,0,120,99,NA,"1213",NA,"CG",NA
"470","1213-22-B","CROZ","WB",540,"011/100","22","B",NA,NA,NA,2013-01-03,1910,2150,0,2150,160,16.99,NA,136,103,NA,"1213",NA,"CG","SCALE ZEROD WITH BAG"
"471","1213-22-A","CROZ","WB",539,"101/100","22","A",NA,NA,NA,2013-01-03,1910,2750,275,2475,170,17.23,NA,140,105,NA,"1213",NA,"CG",NA
"472","1213-16-A","CROZ","WB",565,"111/110","16","A",NA,NA,NA,2013-01-03,1915,1275,0,1275,114,13.53,NA,105,90,NA,"1213",NA,"CG","SCALE ZEROD WITH BAG"
"473","1213-16-B","CROZ","WB",566,"000/101","16","B",NA,NA,NA,2013-01-03,1915,705,87,NA,71,11.72,NA,83,65,NA,"1213",NA,"CG",NA
"474","1213-19-A","CROZ","WB",541,"111/100","19","A",NA,NA,NA,2013-01-03,1925,1675,0,1675,141,14.31,NA,124,94,NA,"1213",NA,"CG","SCALE ZEROD WITH BAG"
"475","1213-19-B","CROZ","WB",542,"000/010","19","B",NA,NA,NA,2013-01-03,1925,1125,0,1125,117,13.3,NA,114,89,NA,"1213",NA,"CG","SCALE ZEROD WITH BAG"
"476","1213-6-A","CROZ","WB",561,"001/110","6","A",NA,NA,NA,2013-01-03,2036,NA,NA,9999,124,14.05,NA,114,93,NA,"1213","DEAD","CG","SKUA KILL. FRESH BUT JUST SKIN AND SKELETON LEFT. CHX LEFT UNATTENDED TODAY"
"477","1213-6-B","CROZ","WB",562,"110/110","6","B",NA,NA,NA,2013-01-03,2046,1175,75,NA,103,14.13,NA,112,84,NA,"1213",NA,"CG","CHX UNATTENDED TODAY. PAR RET & FED CH-B AS I MEASURED DEAD CH-A. CH-B JUST FED TO FULL"
"478","1213-25-S","CROZ","WB",543,"100/010","25","S",NA,NA,NA,2013-01-04,1625,1575,85,NA,141,15.45,NA,125,94,NA,"1213",NA,"CG",NA
"479","1213-18-S","CROZ","WB",544,"010/010","18","S",NA,NA,NA,2013-01-04,1630,2400,85,NA,145,14.88,NA,134,94,NA,"1213",NA,"CG","FISH POO"
"480","1213-27-A","CROZ","WB",545,"001/010","27","A",NA,NA,NA,2013-01-04,1635,3100,375,NA,162,17.84,NA,135,105,NA,"1213",NA,"CG",NA
"481","1213-27-B","CROZ","WB",546,"110/010","27","B",NA,NA,NA,2013-01-04,1635,1174,85,NA,102,15.91,NA,105,84,NA,"1213",NA,"CG",NA
"482","1213-5-A","CROZ","WB",547,"101/010","5","A",NA,NA,NA,2013-01-04,1655,1800,375,NA,130,15.9,NA,123,98,NA,"1213",NA,"CG","KRILL POO"
"483","1213-5-B","CROZ","WB",548,"011/010","5","B",NA,NA,NA,2013-01-04,1655,1025,85,NA,101,14.62,NA,108,85,NA,"1213",NA,"CG",NA
"484","1213-28-A","CROZ","WB",550,"000/001","28","A",NA,NA,NA,2013-01-04,1705,2200,375,NA,135,16.89,NA,123,98,NA,"1213",NA,"CG",NA
"485","1213-28-B","CROZ","WB",549,"111/010","28","B",NA,NA,NA,2013-01-04,1705,2350,375,NA,139,16.03,NA,126,100,NA,"1213",NA,"CG",NA
"486","1213-24-B","CROZ","WB",528,"010/000","24","B",NA,NA,NA,2013-01-04,1715,1400,85,NA,128,15.27,NA,120,93,NA,"1213",NA,"CG",NA
"487","1213-24-A","CROZ","WB",527,"100/000","24","A",NA,NA,NA,2013-01-04,1715,2925,375,NA,155,17.62,NA,143,104,NA,"1213",NA,"CG",NA
"488","1213-7-B","CROZ","WB",530,"110/000","7","B",NA,NA,NA,2013-01-04,1720,1500,85,NA,124,15.46,NA,112,90,NA,"1213",NA,"CG",NA
"489","1213-7-A","CROZ","WB",529,"001/000","7","A",NA,NA,NA,2013-01-04,1720,2375,375,NA,155,15.34,NA,130,100,NA,"1213",NA,"CG","ELP NAMED THIS ONE SHARKY, IT BIT ME SEVERAL TIMES"
"490","1213-1-A","CROZ","WB",567,"100/101","1","A",NA,NA,NA,2013-01-05,1400,1375,80,NA,98,14.43,NA,100,82,NA,"1213",NA,"CG","POO 50% KR, 50% WHITE"
"491","1213-1-B","CROZ","WB",568,"010/101","1","B",NA,NA,NA,2013-01-05,1400,925,80,NA,80,12.36,NA,89,70,NA,"1213",NA,"CG",NA
"492","1213-26-A","CROZ","WB",553,"001/001","26","A",NA,NA,NA,2013-01-05,1405,2525,360,NA,125,14.32,NA,120,93,NA,"1213",NA,"CG",NA
"493","1213-3-S","CROZ","WB",569,"001/101","3","S",NA,NA,NA,2013-01-05,1410,1175,80,NA,92,14.35,NA,99,86,NA,"1213",NA,"CG",NA
"494","1213-2-A","CROZ","WB",551,"100/001","2","A",NA,NA,NA,2013-01-05,1412,1225,80,NA,123,15.37,NA,113,95,NA,"1213",NA,"CG",NA
"495","1213-2-B","CROZ","WB",552,"010/001","2","B",NA,NA,NA,2013-01-05,1412,800,90,NA,90,15.61,NA,100,81,NA,"1213",NA,"CG",NA
"496","1213-12-A","CROZ","WB",557,"111/001","12","A",NA,NA,NA,2013-01-05,1425,1575,80,NA,127,16.29,NA,116,97,NA,"1213",NA,"CG",NA
"497","1213-12-B","CROZ","WB",558,"000/110","12","B",NA,NA,NA,2013-01-05,1425,1000,80,NA,98,13.82,NA,99,84,NA,"1213",NA,"CG",NA
"498","1213-21-A","CROZ","WB",555,"101/001","21","A",NA,NA,NA,2013-01-05,1435,1700,80,NA,129,14.25,NA,120,95,NA,"1213",NA,"CG",NA
"499","1213-21-B","CROZ","WB",556,"011/001","21","B",NA,NA,NA,2013-01-05,1435,975,80,NA,89,14.14,NA,102,83,NA,"1213",NA,"CG","5KG SCALE"
"500","1213-19-B","CROZ","WB",542,"000/010","19","B",NA,NA,NA,2013-01-05,1510,1400,100,NA,126,14.19,NA,121,90,NA,"1213",NA,"CG","FIRST DAY UNATTENDED FOR THESE CHX"
"501","1213-19-A","CROZ","WB",541,"111/100","19","A",NA,NA,NA,2013-01-05,1510,2300,400,NA,149,15.48,NA,130,95,NA,"1213",NA,"CG",NA
"502","1213-14-A","CROZ","WB",559,"100/110","14","A",NA,NA,NA,2013-01-06,1645,1575,85,NA,135,15.24,NA,120,100,NA,"1213",NA,"CG",NA
"503","1213-14-B","CROZ","WB",560,"010/110","14","B",NA,NA,NA,2013-01-06,1645,925,85,NA,102,14.29,NA,102,83,NA,"1213",NA,"CG",NA
"504","1213-6-B","CROZ","WB",562,"110/110","6","B",NA,NA,NA,2013-01-06,1655,1700,85,NA,122,15.81,NA,119,91,NA,"1213",NA,"CG",NA
"505","1213-5-B","CROZ","WB",548,"011/010","5","B",NA,NA,NA,2013-01-06,1705,1650,100,NA,113,14.84,NA,115,92,NA,"1213",NA,"CG",NA
"506","1213-5-A","CROZ","WB",547,"101/010","5","A",NA,NA,NA,2013-01-06,1705,2025,100,NA,145,15.72,NA,127,99,NA,"1213",NA,"CG",NA
"507","1213-11-A","CROZ","WB",536,"010/110","11","A",NA,NA,NA,2013-01-07,1420,2775,350,NA,162,17.16,0,133,104,NA,"1213",NA,"CG","ALL WHITE POO"
"508","1213-11-B","CROZ","WB",537,"001/100","11","B",NA,NA,NA,2013-01-07,1420,2600,350,NA,148,16.72,NA,132,101,NA,"1213",NA,"CG",NA
"509","1213-23-A","CROZ","WB",533,"111/000","23","A",NA,NA,NA,2013-01-07,1425,3025,350,0,169,18.29,NA,138,98,NA,"1213",NA,"CG",NA
"510","1213-24-A","CROZ","WB",527,"100/000","24","A",NA,NA,NA,2013-01-07,1430,2825,365,NA,174,17.62,NA,149,99,NA,"1213",NA,"CG",NA
"511","1213-24-B","CROZ","WB",528,"010/000","24","B",NA,NA,NA,2013-01-07,1430,2075,365,NA,143,16.13,NA,126,92,NA,"1213",NA,"CG",NA
"512","1213-7-A","CROZ","WB",529,"001/000","7","A",NA,NA,NA,2013-01-07,1440,2475,365,NA,165,16.47,NA,138,99,NA,"1213",NA,"CG",NA
"513","1213-7-B","CROZ","WB",530,"110/000","7","B",NA,NA,NA,2013-01-07,1440,2000,365,NA,142,15.18,NA,125,90,NA,"1213",NA,"CG",NA
"514","1213-4-B","CROZ","WB",532,"011/000","4","B",NA,NA,NA,2013-01-07,1450,2275,365,NA,159,15.02,NA,130,98,NA,"1213",NA,"CG",NA
"515","1213-4-A","CROZ","WB",531,"101/000","4","A",NA,NA,NA,2013-01-07,1450,2375,365,NA,165,16.59,NA,133,100,NA,"1213",NA,"CG",NA
"516","1213-27-A","CROZ","WB",545,"001/010","27","A",NA,NA,NA,2013-01-07,1556,3025,375,NA,173,18.52,NA,142,105,NA,"1213",NA,"CG","NEST 27 1ST LEFT ALONE 1/6 BUT NOT MEASURED UNTIL TODAY"
"517","1213-27-B","CROZ","WB",546,"110/010","27","B",NA,NA,NA,2013-01-07,1556,1675,375,NA,113,15.8,NA,115,90,NA,"1213",NA,"CG","NEST 27 1ST LEFT ALONE 1/6 BUT NOT MEASURED UNTIL TODAY"
"518","1213-2-A","CROZ","WB",551,"100/001","2","A",NA,NA,NA,2013-01-07,1605,1675,375,NA,130,15.32,NA,120,98,NA,"1213",NA,"CG","1ST DAY LEFT ALONE TODAY"
"519","1213-22-A","CROZ","WB",539,"101/100","22","A",NA,NA,NA,2013-01-08,1510,3375,375,0,182,19.11,NA,151,108,NA,"1213",NA,"CG",NA
"520","1213-22-B","CROZ","WB",540,"011/100","22","B",NA,NA,NA,2013-01-08,1510,3100,375,NA,175,18.82,NA,149,102,NA,"1213",NA,"CG",NA
"521","1213-19-A","CROZ","WB",541,"111/100","19","A",NA,NA,NA,2013-01-08,1530,2775,375,NA,164,16.36,NA,135,96,NA,"1213",NA,"CG",NA
"522","1213-19-B","CROZ","WB",542,"000/010","19","B",NA,NA,NA,2013-01-08,1530,2625,375,NA,144,14.51,NA,127,94,NA,"1213",NA,"CG",NA
"523","1213-16-A","CROZ","WB",565,"111/110","16","A",NA,NA,NA,2013-01-08,1540,2075,375,NA,143,15.22,NA,122,99,NA,"1213",NA,"CG",NA
"524","1213-16-B","CROZ","WB",566,"000/101","16","B",NA,NA,NA,2013-01-08,1540,925,100,NA,97,12.44,NA,102,78,NA,"1213",NA,"CG",NA
"525","1213-16-A","CROZ","WB",565,"111/110","16","A",NA,NA,NA,2013-01-09,1400,9999,9999,9999,145,16.47,NA,127,99,NA,"1213",NA,"CG",NA
"526","1213-25-S","CROZ","WB",543,"100/010","25","S",NA,NA,NA,2013-01-09,1410,2925,375,NA,161,17.58,NA,135,95,NA,"1213",NA,"CG",NA
"527","1213-27-A","CROZ","WB",545,"001/010","27","A",NA,NA,NA,2013-01-09,1420,3500,375,NA,180,19.18,NA,152,110,NA,"1213",NA,"CG",NA
"528","1213-27-B","CROZ","WB",546,"110/010","27","B",NA,NA,NA,2013-01-09,1420,2100,375,NA,127,15.81,NA,120,95,NA,"1213",NA,"CG",NA
"529","1213-5-B","CROZ","WB",548,"011/010","5","B",NA,NA,NA,2013-01-09,1435,1800,375,NA,128,16.02,NA,123,97,NA,"1213",NA,"CG",NA
"530","1213-5-A","CROZ","WB",547,"101/010","5","A",NA,NA,NA,2013-01-09,1435,2425,375,NA,160,16.29,NA,130,100,NA,"1213",NA,"CG",NA
"531","1213-28-A","CROZ","WB",550,"000/001","28","A",NA,NA,NA,2013-01-09,1445,2775,375,NA,166,18.78,0,135,105,NA,"1213",NA,"CG",NA
"532","1213-28-B","CROZ","WB",549,"111/010","28","B",NA,NA,NA,2013-01-09,1445,2775,375,NA,165,17.48,NA,137,102,NA,"1213",NA,"CG",NA
"533","1213-24-A","CROZ","WB",527,"100/000","24","A",NA,NA,NA,2013-01-09,1455,2875,375,NA,174,17.85,NA,148,104,NA,"1213",NA,"CG",NA
"534","1213-24-B","CROZ","WB",528,"010/000","24","B",NA,NA,NA,2013-01-09,1455,1750,375,NA,148,16.64,NA,125,94,NA,"1213",NA,"CG",NA
"535","1213-7-A","CROZ","WB",529,"001/000","7","A",NA,NA,NA,2013-01-09,1505,2575,375,NA,165,16.53,NA,138,97,NA,"1213",NA,"CG",NA
"536","1213-7-B","CROZ","WB",530,"110/000","7","B",NA,NA,NA,2013-01-09,1505,2575,375,NA,153,16.16,NA,127,92,NA,"1213",NA,"CG",NA
"537","1213-18-S","CROZ","WB",544,"010/010","18","S",NA,NA,NA,2013-01-09,1520,2800,375,NA,169,15.51,NA,135,97,NA,"1213",NA,"CG",NA
"538","1213-1-B","CROZ","WB",568,"010/101","1","B",NA,NA,NA,2013-01-10,1500,1325,375,NA,94,12.89,NA,106,80,NA,"1213",NA,"CG",NA
"539","1213-16-B","CROZ","WB",566,"000/101","16","B",NA,NA,NA,2013-01-10,1505,1275,375,NA,104,12.71,NA,109,83,NA,"1213",NA,"CG",NA
"540","1213-26-A","CROZ","WB",553,"001/001","26","A",NA,NA,NA,2013-01-10,1510,2325,375,NA,150,15.59,NA,129,95,NA,"1213",NA,"CG",NA
"541","1213-3-S","CROZ","WB",569,"001/101","3","S",NA,NA,NA,2013-01-10,1515,1825,375,NA,127,16.54,NA,128,93,NA,"1213",NA,"CG",NA
"542","1213-2-A","CROZ","WB",551,"100/001","2","A",NA,NA,NA,2013-01-10,1520,2050,375,NA,146,16.31,NA,125,100,NA,"1213",NA,"CG",NA
"543","1213-21-A","CROZ","WB",555,"101/001","21","A",NA,NA,NA,2013-01-10,1535,2125,375,NA,156,15.48,NA,131,102,NA,"1213",NA,"CG",NA
"544","1213-21-B","CROZ","WB",556,"011/001","21","B",NA,NA,NA,2013-01-10,1535,1350,375,NA,113,14.11,0,116,89,NA,"1213",NA,"CG",NA
"545","1213-12-A","CROZ","WB",557,"111/001","12","A",NA,NA,NA,2013-01-10,1550,2325,375,NA,158,17.78,NA,131,101,NA,"1213",NA,"CG",NA
"546","1213-12-B","CROZ","WB",558,"000/110","12","B",NA,NA,NA,2013-01-10,1550,1900,375,NA,129,14.71,NA,119,91,NA,"1213",NA,"CG",NA
"547","1213-6-B","CROZ","WB",562,"110/110","6","B",NA,NA,NA,2013-01-11,1350,2050,375,NA,149,16.66,NA,133,99,NA,"1213",NA,"CG",NA
"548","1213-14-A","CROZ","WB",559,"100/110","14","A",NA,NA,NA,2013-01-11,1355,2775,375,NA,158,15.27,NA,134,108,NA,"1213",NA,"CG",NA
"549","1213-4-B","CROZ","WB",532,"011/000","4","B",NA,NA,NA,2013-01-12,1245,2550,375,NA,175,16.34,NA,141,107,NA,"1213",NA,"CG",NA
"550","1213-4-A","CROZ","WB",531,"101/000","4","A",NA,NA,NA,2013-01-12,1245,2625,375,NA,180,17.27,NA,138,108,NA,"1213",NA,"CG",NA
"551","1213-23-A","CROZ","WB",533,"111/000","23","A",NA,NA,NA,2013-01-12,1300,2925,375,NA,175,19.5,NA,140,104,NA,"1213",NA,"CG",NA
"552","1213-11-B","CROZ","WB",537,"001/100","11","B",NA,NA,NA,2013-01-12,1307,2725,375,NA,175,17.03,NA,141,103,NA,"1213",NA,"CG",NA
"553","1213-11-A","CROZ","WB",536,"010/100","11","A",NA,NA,NA,2013-01-12,1315,2875,375,NA,178,18.34,NA,139,99,NA,"1213",NA,"CG",NA
"554","1213-16-B","CROZ","WB",566,"000/101","16","B",NA,NA,NA,2013-01-13,1445,1800,375,NA,124,13.46,NA,115,85,NA,"1213",NA,"CG",NA
"555","1213-19-B","CROZ","WB",542,"000/101","19","B",NA,NA,NA,2013-01-13,1450,2775,375,NA,171,15.8,NA,140,98,NA,"1213",NA,"CG",NA
"556","1213-19-A","CROZ","WB",541,"111/100","19","A",NA,NA,NA,2013-01-13,1500,3050,375,NA,175,17.19,NA,141,95,NA,"1213",NA,"CG",NA
"557","1213-27-A","CROZ","WB",545,"001/010","27","A",NA,NA,NA,2013-01-14,1330,4750,375,NA,188,20.31,NA,156,110,NA,"1213",NA,"CG",NA
"558","1213-5-A","CROZ","WB",547,"101/010","5","A",NA,NA,NA,2013-01-14,1340,2550,375,NA,170,17,NA,139,102,NA,"1213",NA,"CG",NA
"559","1213-28-A","CROZ","WB",550,"000/001","28","A",NA,NA,NA,2013-01-14,1355,3100,375,NA,185,19.87,NA,141,100,NA,"1213",NA,"CG",NA
"560","1213-27-B","CROZ","WB",546,"110/010","27","B",NA,NA,NA,2013-01-14,1402,3025,375,NA,163,16.68,NA,136,101,NA,"1213",NA,"CG",NA
"561","1213-18-S","CROZ","WB",544,"010/010","18","S",NA,NA,NA,2013-01-14,1410,3875,375,NA,179,17.12,NA,138,101,NA,"1213",NA,"CG",NA
"562","1213-22-B","CROZ","WB",540,"011/100","22","B",NA,NA,NA,2013-01-14,1415,4475,375,NA,180,18.97,NA,150,105,NA,"1213",NA,"CG",NA
"563","1213-22-A","CROZ","WB",539,"101/100","22","A",NA,NA,NA,2013-01-14,1420,4450,375,NA,181,21.61,NA,155,102,NA,"1213",NA,"CG",NA
"564","1213-5-B","CROZ","WB",548,"011/010","5","B",NA,NA,NA,2013-01-14,1432,1875,375,NA,148,16.94,NA,129,97,NA,"1213",NA,"CG",NA
"565","1213-24-B","CROZ","WB",528,"010/000","24","B",NA,NA,NA,2013-01-14,1445,2175,375,NA,168,17.59,NA,136,99,NA,"1213",NA,"CG",NA
"566","1213-7-B","CROZ","WB",530,"110/000","7","B",NA,NA,NA,2013-01-14,1445,2625,375,NA,169,16.7,NA,134,95,NA,"1213",NA,"CG",NA
"567","1213-24-A","CROZ","WB",527,"100/000","24","A",NA,NA,NA,2013-01-14,1455,3550,375,NA,185,18.16,NA,150,104,NA,"1213",NA,"CG",NA
"568","1213-7-A","CROZ","WB",529,"001/000","7","A",NA,NA,NA,2013-01-14,1505,2775,375,NA,174,16.61,NA,140,98,NA,"1213",NA,"CG",NA
"569","1213-25-S","CROZ","WB",543,"100/010","25","S",NA,NA,NA,2013-01-14,1515,2575,375,NA,170,18.43,NA,140,98,NA,"1213",NA,"CG",NA
"570","1213-28-B","CROZ","WB",549,"111/010","28","B",NA,NA,NA,2013-01-14,1525,3175,375,NA,178,18.89,NA,142,104,NA,"1213",NA,"CG",NA
"571","1213-1-B","CROZ","WB",568,"010/101","1","B",NA,NA,NA,2013-01-15,1730,2150,375,NA,119,13.62,NA,120,88,NA,"1213",NA,"CG",NA
"572","1213-2-A","CROZ","WB",551,"100/001","2","A",NA,NA,NA,2013-01-15,1736,3157,375,NA,169,16.73,NA,133,105,NA,"1213",NA,"CG",NA
"573","1213-21-A","CROZ","WB",555,"101/001","21","A",NA,NA,NA,2013-01-15,1749,2350,375,NA,174,16.67,NA,140,104,NA,"1213",NA,"CG",NA
"574","1213-3-S","CROZ","WB",569,"001/101","3","S",NA,NA,NA,2013-01-15,1753,2375,375,NA,155,17.71,NA,135,96,NA,"1213",NA,"CG",NA
"575","1213-12-A","CROZ","WB",557,"111/001","12","A",NA,NA,NA,2013-01-15,1804,2650,375,NA,174,18.57,NA,136,104,NA,"1213",NA,"CG",NA
"576","1213-21-B","CROZ","WB",556,"011/001","21","B",NA,NA,NA,2013-01-15,1824,1575,375,NA,134,14.78,NA,125,94,NA,"1213",NA,"CG",NA
"577","1213-12-B","CROZ","WB",558,"000/110","12","B",NA,NA,NA,2013-01-15,1840,2000,375,NA,158,16.32,NA,130,95,NA,"1213",NA,"CG",NA
"578","1213-26-A","CROZ","WB",553,"001/001","26","A",NA,NA,NA,2013-01-16,1416,2750,400,NA,167,16.6,NA,137,100,NA,"1213",NA,"CG",NA
"579","1213-14-A","CROZ","WB",559,"100/110","14","A",NA,NA,NA,2013-01-16,1432,2725,400,NA,173,16.69,NA,141,109,NA,"1213",NA,"CG",NA
"580","1213-6-B","CROZ","WB",562,"110/110","6","B",NA,NA,NA,2013-01-16,1442,2700,400,NA,178,18.15,NA,145,105,NA,"1213",NA,"CG",NA
"581","1213-26-A","CROZ","WB",553,"001/001","26","A",NA,NA,NA,2013-01-17,1416,2750,400,NA,167,16.6,NA,137,100,NA,"1213",NA,"CG",NA
"582","1213-14-A","CROZ","WB",559,"100/110","14","A",NA,NA,NA,2013-01-17,1432,2725,400,NA,173,16.69,NA,141,109,NA,"1213",NA,"CG",NA
"583","1213-4-A","CROZ","WB",531,"101/000","4","A",NA,NA,NA,2013-01-17,1437,2800,385,NA,181,18.13,NA,142,105,NA,"1213",NA,"CG",NA
"584","1213-11-B","CROZ","WB",537,"001/100","11","B",NA,NA,NA,2013-01-17,1451,2550,385,NA,184,17.98,NA,140,103,NA,"1213",NA,"CG",NA
"585","1213-4-B","CROZ","WB",532,"011/000","4","B",NA,NA,NA,2013-01-17,1500,3400,385,NA,189,17.03,NA,141,111,NA,"1213",NA,"CG",NA
"586","1213-23-A","CROZ","WB",533,"111/000","23","A",NA,NA,NA,2013-01-17,1515,4125,385,NA,183,20.67,NA,140,103,NA,"1213",NA,"CG",NA
"587","1213-11-A","CROZ","WB",536,"010/100","11","A",NA,NA,NA,2013-01-17,1525,2900,385,NA,182,19.05,NA,138,103,NA,"1213",NA,"CG",NA
"588","1213-22-A","CROZ","WB",539,"101/100","22","A",NA,NA,NA,2013-01-18,1409,4500,375,NA,188,22.73,NA,152,110,NA,"1213",NA,"CG",NA
"589","1213-22-B","CROZ","WB",540,"011/100","22","B",NA,NA,NA,2013-01-18,1422,4400,375,NA,187,20.5,NA,150,106,NA,"1213",NA,"CG",NA
"590","1213-16-B","CROZ","WB",566,"000/010","16","B",NA,NA,NA,2013-01-18,1447,1625,375,NA,136,14.29,NA,125,90,NA,"1213",NA,"CG",NA
"591","1213-19-B","CROZ","WB",542,"000/010","19","B",NA,NA,NA,2013-01-18,1458,2500,385,NA,178,16.8,NA,142,100,NA,"1213",NA,"CG",NA
"592","1213-19-A","CROZ","WB",541,"111/100","19","A",NA,NA,NA,2013-01-18,1503,3100,385,NA,175,18.78,NA,140,96,NA,"1213",NA,"CG",NA
"593","1213-27-A","CROZ","WB",545,"001/010","27","A",NA,NA,NA,2013-01-21,1214,4800,375,NA,192,22.91,NA,159,109,NA,"1213",NA,"CG",NA
"594","1213-26-A","CROZ","WB",553,"001/001","26","A",NA,NA,NA,2013-01-21,1224,2675,375,NA,165,17.6,NA,138,97,NA,"1213",NA,"CG",NA
"595","1213-1-B","CROZ","WB",568,"010/101","1","B",NA,NA,NA,2013-01-21,1230,2275,375,NA,144,14.21,NA,129,94,NA,"1213",NA,"CG",NA
"596","1213-5-A","CROZ","WB",547,"101/010","5","A",NA,NA,NA,2013-01-21,1236,2375,375,NA,171,18.91,NA,140,105,NA,"1213",NA,"CG",NA
"597","1213-5-B","CROZ","WB",548,"011/010","5","B",NA,NA,NA,2013-01-21,1243,1675,375,NA,151,16.79,0,131,100,NA,"1213",NA,"CG",NA
"598","1213-21-B","CROZ","WB",556,"011/001","21","B",NA,NA,NA,2013-01-21,1249,1475,375,NA,144,15.42,0,132,93,NA,"1213",NA,"CG",NA
"599","1213-2-A","CROZ","WB",551,"100/001","2","A",NA,NA,NA,2013-01-21,1255,3350,375,NA,179,18.37,NA,140,105,NA,"1213",NA,"CG",NA
"600","1213-3-S","CROZ","WB",569,"001/101","3","S",NA,NA,NA,2013-01-21,1300,3125,375,NA,181,17.87,NA,145,104,NA,"1213",NA,"CG",NA
"601","1213-27-B","CROZ","WB",546,"110/010","27","B",NA,NA,NA,2013-01-21,1312,3150,375,NA,178,18.43,NA,144,102,NA,"1213",NA,"CG",NA
"602","1213-24-B","CROZ","WB",528,"010/000","24","B",NA,NA,NA,2013-01-21,1330,2150,375,NA,171,18.45,NA,141,98,NA,"1213",NA,"CG",NA
"603","1213-21-A","CROZ","WB",555,"101/001","21","A",NA,NA,NA,2013-01-21,1342,2500,375,NA,182,16.77,NA,140,105,NA,"1213",NA,"CG",NA
"604","1213-28-A","CROZ","WB",550,"000/001","28","A",NA,NA,NA,2013-01-21,1351,3200,375,NA,185,20.64,NA,145,105,NA,"1213",NA,"CG",NA
"605","1213-28-B","CROZ","WB",549,"111/010","28","B",NA,NA,NA,2013-01-21,1354,3650,375,NA,178,20.53,NA,144,106,NA,"1213",NA,"CG",NA
"606","1213-6-B","CROZ","WB",562,"110/110","6","B",NA,NA,NA,2013-01-21,1405,3250,375,NA,186,18.8,NA,153,103,NA,"1213",NA,"CG",NA
"607","1213-18-S","CROZ","WB",544,"010/010","18","S",NA,NA,NA,2013-01-21,1420,3825,375,NA,181,19.42,NA,147,95,NA,"1213",NA,"CG",NA
"608","1213-24-A","CROZ","WB",527,"100/000","24","A",NA,NA,NA,2013-01-21,1432,4125,375,NA,190,20.89,NA,155,104,NA,"1213",NA,"CG",NA
"609","1213-12-A","CROZ","WB",557,"111/001","12","A",NA,NA,NA,2013-01-21,1441,2725,375,NA,179,20.14,NA,143,104,NA,"1213",NA,"CG",NA
"610","1213-14-A","CROZ","WB",559,"100/110","14","A",NA,NA,NA,2013-01-21,1453,4000,375,NA,181,17.75,NA,140,109,NA,"1213",NA,"CG",NA
"611","1213-12-B","CROZ","WB",558,"000/110","12","B",NA,NA,NA,2013-01-21,1501,2525,375,NA,164,17.39,NA,130,96,NA,"1213",NA,"CG",NA
"612","1213-7-B","CROZ","WB",530,"110/000","7","B",NA,NA,NA,2013-01-21,1516,3500,375,NA,170,18.42,NA,141,95,NA,"1213",NA,"CG",NA
"613","1213-25-S","CROZ","WB",543,"100/010","25","S",NA,NA,NA,2013-01-21,1523,3700,375,NA,175,19.5,NA,145,97,NA,"1213",NA,"CG",NA
"614","1213-7-A","CROZ","WB",529,"001/000","7","A",NA,NA,NA,2013-01-21,1553,3000,375,NA,174,18.63,NA,142,99,NA,"1213",NA,"CG",NA
"615","1213-4-B","CROZ","WB",532,"011/000","4","B",NA,NA,NA,2013-01-22,1110,2850,400,NA,188,18.06,NA,145,111,NA,"1213",NA,"CG",NA
"616","1213-4-A","CROZ","WB",531,"101/000","4","A",NA,NA,NA,2013-01-22,1118,2425,400,NA,184,19.08,NA,144,105,NA,"1213",NA,"CG",NA
"617","1213-11-B","CROZ","WB",537,"001/100","11","B",NA,NA,NA,2013-01-22,1140,3425,400,NA,192,19.58,NA,144,104,NA,"1213",NA,"CG",NA
"618","1213-11-A","CROZ","WB",536,"010/100","11","A",NA,NA,NA,2013-01-22,1158,3650,375,NA,182,20.83,NA,145,105,NA,"1213",NA,"CG",NA
"619","1213-23-A","CROZ","WB",533,"111/000","23","A",NA,NA,NA,2013-01-22,1228,4150,375,NA,181,20.9,NA,145,104,NA,"1213",NA,"CG",NA
"620","1213-22-A","CROZ","WB",539,"101/100","22","A",NA,NA,NA,2013-01-23,827,4525,400,NA,184,23.58,NA,150,108,NA,"1213",NA,"CG",NA
"621","1213-21-B","CROZ","WB",556,"011/001","21","B",NA,NA,NA,2013-01-23,830,1000,0,1000,153,15.49,NA,132,94,NA,"1213",NA,"CG",NA
"622","1213-22-B","CROZ","WB",540,"011/100","22","B",NA,NA,NA,2013-01-23,840,3925,375,NA,186,20.98,NA,154,99,NA,"1213",NA,"CG",NA
"623","1213-16-B","CROZ","WB",566,"000/101","16","B",NA,NA,NA,2013-01-23,850,2525,375,NA,154,14.41,NA,135,93,NA,"1213",NA,"CG",NA
"624","1213-19-B","CROZ","WB",542,"000/010","19","B",NA,NA,NA,2013-01-23,910,3550,385,NA,178,17.11,NA,146,100,NA,"1213",NA,"CG",NA
"625","1213-19-A","CROZ","WB",541,"111/100","19","A",NA,NA,NA,2013-01-23,930,2350,375,NA,175,18.5,NA,143,98,NA,"1213",NA,"CG",NA
"626","1213-2-A","CROZ","WB",551,"100/001","2","A",NA,NA,NA,2013-01-31,1400,3475,375,NA,180,20.76,NA,145,105,NA,"1213",NA,"CG",NA
"627","1213-24-B","CROZ","WB",528,"010/000","24","B",NA,NA,NA,2013-01-31,1400,2025,375,NA,170,19.62,NA,140,95,NA,"1213",NA,"CG",NA
"628","1213-7-A","CROZ","WB",529,"001/100","7","A",NA,NA,NA,2013-01-31,1400,2575,375,NA,175,19.25,NA,137,98,NA,"1213",NA,"CG",NA
"629","1213-3-S","CROZ","WB",569,"001/101","3","S",NA,NA,NA,2013-01-31,1400,3425,400,NA,175,20.45,NA,150,100,NA,"1213",NA,"CG",NA
"630","1213-21-A","CROZ","WB",555,"101/001","21","A",NA,NA,NA,2013-01-31,1400,3700,400,NA,186,18.46,0,146,104,NA,"1213",NA,"CG",NA
"631","1213-25-S","CROZ","WB",543,"100/010","25","S",NA,NA,NA,2013-01-31,1400,3750,400,NA,176,21.61,NA,146,98,NA,"1213",NA,"CG",NA
"632","1213-27-B","CROZ","WB",546,"110/010","27","B",NA,NA,NA,2013-01-31,1400,3325,400,NA,182,20.16,NA,146,103,NA,"1213",NA,"CG",NA
"633","1213-1-B","CROZ","WB",568,"010/101","1","B",NA,NA,NA,2013-01-31,1400,3900,400,NA,171,16.32,NA,133,90,NA,"1213",NA,"CG",NA
"634","1213-7-B","CROZ","WB",530,"110/000","7","B",NA,NA,NA,2013-01-31,1400,3475,400,NA,174,19.87,NA,144,98,NA,"1213",NA,"CG",NA
"635","1213-4-B","CROZ","WB",532,"011/000","4","B",NA,NA,NA,2013-01-31,1400,3675,400,NA,192,19.01,NA,145,110,NA,"1213",NA,"CG",NA
"636","1213-26-A","CROZ","WB",553,"001/001","26","A",NA,NA,NA,2013-01-31,1400,2650,400,NA,169,18.87,NA,137,96,NA,"1213",NA,"CG",NA
"637","1213-11-A","CROZ","WB",536,"010/100","11","A",NA,NA,NA,2013-01-31,1400,3000,400,NA,181,20.69,NA,150,101,NA,"1213",NA,"CG",NA
"638","1213-4-A","CROZ","WB",531,"101/000","4","A",NA,NA,NA,2013-01-31,1400,3075,400,NA,180,18.94,NA,150,102,NA,"1213",NA,"CG",NA
"639","1213-27-A","CROZ","WB",545,"001/010","27","A",NA,NA,NA,2013-01-31,1400,3900,400,NA,191,23.56,NA,154,107,NA,"1213",NA,"CG",NA
"640","1213-24-A","CROZ","WB",527,"100/000","24","A",NA,NA,NA,2013-01-31,1400,4375,400,NA,185,22.49,NA,153,103,NA,"1213",NA,"CG",NA
"641","1213-11-B","CROZ","WB",537,"001/100","11","B",NA,NA,NA,2013-01-31,1400,2900,400,NA,181,20.36,NA,139,100,NA,"1213",NA,"CG",NA
"642","1213-28-A","CROZ","WB",550,"000/001","28","A",NA,NA,NA,2013-01-31,1400,3475,400,NA,183,22.59,NA,145,105,NA,"1213",NA,"CG",NA
"643","1213-5-A","CROZ","WB",547,"101/010","5","A",NA,NA,NA,2013-02-01,1400,3200,375,NA,169,19.7,NA,136,100,NA,"1213",NA,"CG",NA
"644","1213-19-A","CROZ","WB",541,"111/100","19","A",NA,NA,NA,2013-02-01,1400,2325,375,NA,172,19.55,NA,137,95,NA,"1213",NA,"CG",NA
"645","1213-12-A","CROZ","WB",557,"111/001","12","A",NA,NA,NA,2013-02-01,1400,3450,375,NA,178,22.01,NA,145,102,NA,"1213",NA,"CG",NA
"646","1213-16-B","CROZ","WB",566,"000/101","16","B",NA,NA,NA,2013-02-01,1400,0,0,NA,158,15.35,NA,141,94,NA,"1213",NA,"CG","SKUA KILL.. FOUND 25 M DOWNHILL OF WB"
"647","1213-28-B","CROZ","WB",549,"111/010","28","B",NA,NA,NA,2013-02-01,1400,3225,375,NA,180,21.77,NA,147,104,NA,"1213",NA,"CG",NA
"648","1213-6-B","CROZ","WB",562,"110/110","6","B",NA,NA,NA,2013-02-03,1330,3300,375,NA,188,21.06,NA,144,101,NA,"1213",NA,"CG",NA
"649","1213-12-B","CROZ","WB",558,"000/110","12","B",NA,NA,NA,2013-02-03,1330,2150,375,NA,165,18.4,NA,140,93,NA,"1213",NA,"CG",NA
"650","1213-19-B","CROZ","WB",542,"000/010","19","B",NA,NA,NA,2013-02-04,1415,3125,400,NA,178,19.17,NA,147,100,NA,"1213",NA,"CG",NA
"651","1213-14-A","CROZ","WB",559,"100/110","14","A",NA,NA,NA,2013-02-06,1700,3550,400,NA,180,20.51,NA,145,106,NA,"1213",NA,"CG","AV 8878869"
"652","1213-6-B","CROZ","WB",562,"110/110","6","B",NA,NA,NA,2013-02-06,1700,3525,400,NA,186,21.54,NA,148,99,NA,"1213",NA,"CG","AV 7873612"
"653","1213-7-B","CROZ","WB",530,"110/000","7","B",NA,NA,NA,2013-02-06,1700,3825,400,NA,173,19.99,NA,140,95,NA,"1213",NA,"CG","AV 8824348"
"654","1213-12-B","CROZ","WB",558,"000/110","12","B",NA,NA,NA,2013-02-06,1700,2450,400,NA,169,18.34,NA,135,96,NA,"1213",NA,"CG","AV 8634851"
"655","1213-28-B","CROZ","WB",549,"111/010","28","B",NA,NA,NA,2013-02-06,1700,3725,400,NA,180,21.73,NA,147,100,NA,"1213",NA,"CG","AV 7786030"
"656","1213-12-A","CROZ","WB",557,"111/001","12","A",NA,NA,NA,2013-02-06,1700,3825,400,NA,181,22.97,NA,149,104,NA,"1213",NA,"CG","AV 8840336"
"657","1314-9-A","CROZ","WB",571,"101/101","9","A",NA,0,0,2013-12-21,1539,985,200,0,84,14.02,0,96,81,NA,"1314",NA,"CG",NA
"658","1314-9-B","CROZ","WB",572,"011/101","9","B",NA,0,0,2013-12-21,1539,765,200,0,73,13.21,0,85,72,NA,"1314",NA,"CG",NA
"659","1314-48611-S","CROZ","KA",573,"111/111","48611","S",NA,0,0,2013-12-22,1707,600,200,0,56,13.49,0,70,60,NA,"1314",NA,"CG",NA
"660","1314-49972-A","CROZ","KA",574,"000/011","49972","A",NA,NA,NA,2013-12-22,1940,600,200,NA,52,14.24,NA,64,51,NA,"1314",NA,"CG",NA
"661","1314-49972-B","CROZ","KA",NA,NA,"49972","B",NA,NA,NA,2013-12-22,1940,270,200,NA,36,9.14,NA,39,35,NA,"1314",NA,"CG","BARELY ALIVE"
"662","1314-46183-A","CROZ","KA",576,"000/000","46183","A",NA,0,0,2013-12-23,1530,875,200,0,75,13.78,0,80,74,NA,"1314",NA,"CG",NA
"663","1314-46183-B","CROZ","KA",577,"100/000","46183","B",NA,0,0,2013-12-23,1530,740,200,0,64,13.5,0,74,64,NA,"1314",NA,"CG",NA
"664","1314-47594-A","CROZ","KA",0,NA,"47594","A",NA,0,0,2013-12-23,0,370,195,0,42,4.79,0,48,40,NA,"1314",NA,"CG","TOO SMALL FOR F.T. BLACK PEN ON FEET"
"665","1314-47594-B","CROZ","KA",0,NA,"47594","B",NA,0,0,2013-12-23,0,355,195,0,42,4.49,0,45,39,NA,"1314",NA,"CG","TOO SMALL FOR F.T."
"666","1314-13-A","CROZ","WB",578,"010/000","13","A",NA,0,0,2013-12-23,1736,875,0,0,80,13.58,0,95,74,NA,"1314",NA,"CG","5KG SCALE, 0-ED WITH BAG"
"667","1314-13-B","CROZ","WB",579,"001/000","13","B",NA,0,0,2013-12-23,1736,585,200,0,53,9.68,0,66,52,NA,"1314",NA,"CG","1KG SCALE"
"668","1314-11-A","CROZ","WB",580,"110/000","11","A",NA,0,0,2013-12-23,1747,695,200,0,64,11.88,0,73,62,NA,"1314",NA,"CG","1KG SCALE"
"669","1314-8-A","CROZ","WB",581,"101/000","8","A",NA,NA,NA,2013-12-24,1319,745,200,NA,70,12.51,NA,80,69,NA,"1314",NA,"CG","1KG SCALE"
"670","1314-15-A","CROZ","WB",582,"011/000","15","A",NA,NA,NA,2013-12-24,1332,680,200,NA,55,13.32,NA,65,53,NA,"1314",NA,"CG","1KG SCALE"
"671","1314-15-B","CROZ","WB",583,"111/000","15","B",NA,NA,NA,2013-12-24,1332,665,200,NA,55,12.23,NA,65,55,NA,"1314",NA,"CG","1KG SCALE"
"672","1314-12-A","CROZ","WB",584,"000/100","12","A",NA,NA,NA,2013-12-24,1338,695,205,NA,65,12.45,NA,78,63,NA,"1314",NA,"CG","1KG SCALE"
"673","1314-12-B","CROZ","WB",NA,NA,"12","B",NA,NA,NA,2013-12-24,1338,445,205,NA,49,10.73,NA,60,50,NA,"1314",NA,"CG","1KG SCALE. TOO SMALL FOR A F.T."
"674","1314-48391-S","CROZ","KA",NA,NA,"48391","S",NA,NA,NA,2013-12-24,NA,370,200,NA,41,10.3,NA,47,40,NA,"1314",NA,"CG","1KG SCALE. TOO SMALL FOR A F.T."
"675","1314-40225-A","CROZ","KA",585,"100/100","40225","A",NA,NA,NA,2013-12-24,NA,890,200,NA,80,12.38,NA,86,70,NA,"1314",NA,"CG","1KG SCALE"
"676","1314-40225-B","CROZ","KA",586,"010/100","40225","B",NA,NA,NA,2013-12-24,NA,780,200,NA,71,11.11,NA,82,68,NA,"1314",NA,"CG","1KG SCALE"
"677","1314-45124-A","CROZ","KA",NA,NA,"45124","A",NA,NA,NA,2013-12-25,NA,485,200,NA,50,11.23,NA,59,48,NA,"1314",NA,"CG","1KG SCALE. TOO SMALL FOR A F.T. MARKED FEET W/ BLACK PEN"
"678","1314-45124-B","CROZ","KA",NA,NA,"45124","B",NA,NA,NA,2013-12-25,NA,390,200,NA,42,10.74,NA,50,41,NA,"1314",NA,"CG","1KG SCALE. TOO SMALL FOR A F.T."
"679","1314-7-A","CROZ","WB",587,"001/100","7","A",NA,NA,NA,2013-12-25,1810,705,200,NA,64,13.2,NA,76,62,NA,"1314",NA,"CG","1KG SCALE"
"680","1314-7-B","CROZ","WB",588,"110/100","7","B",NA,NA,NA,2013-12-25,1810,515,200,NA,55,11.53,NA,64,54,NA,"1314",NA,"CG","1KG SCALE"
"681","1314-41381-A","CROZ","KA",NA,NA,"41381","A",NA,NA,NA,2013-12-27,NA,485,200,NA,52,11.82,NA,66,50,NA,"1314",NA,"CG","1KG SCALE. TOO SMALL FOR FISH TAG. PEN ON LEFT FOOT"
"682","1314-41381-B","CROZ","KA",NA,NA,"41381","B",NA,NA,NA,2013-12-27,NA,480,200,NA,47,10,NA,61,46,NA,"1314",NA,"CG","1KG SCALE. TOO SMALL FOR FISH TAG. PEN ON RIGHT FOOT"
"683","1314-41381-O","CROZ","KA",NA,NA,"41381","O",NA,NA,NA,2013-12-27,NA,530,200,NA,54,11.57,NA,66,52,NA,"1314",NA,"CG","1KG SCALE. THIS IS 3RD CH IN NEST, HAS WOUND ON BACK, IS NOT ORIGINALLY FROM THIS NEST. NO TAG"
"684","1314-48970-S","CROZ","KA",NA,NA,"48970","S",NA,NA,NA,2013-12-27,NA,510,205,NA,54,10.58,NA,63,52,NA,"1314",NA,"CG","1KG SCALE. TOO SMALL FOR FISH TAG."
"685","1314-40225-A","CROZ","KA",585,"100/100","40225","A",NA,NA,NA,2013-12-27,NA,975,0,NA,86,13.25,NA,98,74,NA,"1314",NA,"CG","5 KG SCALE"
"686","1314-40225-B","CROZ","KA",586,"010/100","40225","B",NA,NA,NA,2013-12-27,NA,725,0,NA,78,11.12,NA,93,73,NA,"1314",NA,"CG","5 KG SCALE"
"687","1314-46641-S","CROZ","KA",589,"101/100","46641","S",NA,NA,NA,2013-12-27,NA,900,0,NA,85,13.03,NA,90,73,NA,"1314",NA,"CG","5 KG SCALE"
"688","1314-62288-S","CROZ","KA",NA,NA,"62288","S",NA,NA,NA,2013-12-28,NA,375,200,NA,36,10.57,NA,48,40,NA,"1314",NA,"CG","1KG SCALE"
"689","1314-49972-A","CROZ","KA",574,"000/011","49972","A",NA,NA,NA,2013-12-28,NA,1050,0,NA,79,12.56,NA,91,75,NA,"1314",NA,"CG","5 KG SCALE"
"690","1314-46183-A","CROZ","KA",576,"000/000","46183","A",NA,NA,NA,2013-12-28,NA,725,0,NA,94,14.42,NA,97,83,NA,"1314",NA,"CG","5 KG SCALE"
"691","1314-46183-B","CROZ","KA",577,"100/000","46183","B",NA,NA,NA,2013-12-28,NA,575,0,NA,82,14.74,NA,91,75,NA,"1314",NA,"CG","5 KG SCALE"
"692","1314-13-A","CROZ","WB",578,"010/000","13","A",NA,NA,NA,2013-12-28,2000,1250,0,NA,115,13.31,NA,113,85,NA,"1314",NA,"CG","5 KG SCALE"
"693","1314-13-B","CROZ","WB",579,"001/000","13","B",NA,NA,0,2013-12-28,2000,710,195,NA,66,10.58,NA,79,60,NA,"1314",NA,"CG","1KG SCALE"
"694","1314-12-A","CROZ","WB",584,"000/100","12","A",NA,NA,NA,2013-12-29,1215,1125,0,NA,97,13.28,NA,103,81,NA,"1314",NA,"CG","5 KG SCALE. TAG STRIPE FILLED FROM PREV DATA"
"695","1314-12-B","CROZ","WB",590,"011/100","12","B",NA,NA,NA,2013-12-29,1215,625,200,NA,62,11.27,NA,76,60,NA,"1314",NA,"CG","1KG SCALE"
"696","1314-15-A","CROZ","WB",582,"011/000","15","A",NA,NA,NA,2013-12-29,1220,960,200,NA,69,14.37,NA,88,70,NA,"1314",NA,"CG","1KG SCALE. TAG STRIPE FILLED FROM PREV DATA"
"697","1314-15-B","CROZ","WB",583,"111/000","15","B",NA,NA,NA,2013-12-29,1220,800,200,NA,74,13.46,NA,85,70,NA,"1314",NA,"CG","1KG SCALE. TAG STRIPE FILLED FROM PREV DATA"
"698","1314-9-A","CROZ","WB",571,"101/101","9","A",NA,NA,NA,2013-12-29,1245,1525,0,NA,135,14.8,NA,128,98,NA,"1314",NA,"CG","5 KG SCALE"
"699","1314-9-B","CROZ","WB",572,"011/101","9","B",NA,NA,NA,2013-12-29,1245,1075,0,NA,115,15,NA,115,91,NA,"1314",NA,"CG","5 KG SCALE"
"700","1314-48611-S","CROZ","KA",573,"111/111","48611","S",NA,NA,NA,2013-12-29,NA,1100,0,0,95,13.8,NA,105,84,NA,"1314",NA,"CG","5 KG SCALE"
"701","1314-46604-S","CROZ","KA",591,"111/100","46604","S",NA,NA,NA,2013-12-29,NA,625,200,NA,53,12.17,NA,69,56,NA,"1314",NA,"CG","1KG SCALE"
"702","1314-44554-A","CROZ","KA",592,"000/010","44554","A",NA,NA,NA,2013-12-30,NA,820,200,NA,61,13.32,NA,78,60,NA,"1314",NA,"CG","1KG SCALE"
"703","1314-44554-B","CROZ","KA",593,"100/010","44554","B",NA,NA,NA,2013-12-30,NA,495,200,NA,48,10.87,NA,58,45,NA,"1314",NA,"CG","1KG SCALE"
"704","1314-48931-S","CROZ","KA",594,"010/010","48931","S",NA,NA,NA,2013-12-30,NA,950,0,NA,86,13.61,NA,94,75,NA,"1314",NA,"CG","5 KG SCALE"
"705","1314-45124-B","CROZ","KA",595,"001/010","45124","B",NA,NA,NA,2013-12-30,NA,670,200,NA,55,11.15,NA,68,55,NA,"1314",NA,"CG","1KG SCALE"
"706","1314-47594-A","CROZ","KA",596,"110/010","47594","A",NA,NA,NA,2013-12-30,NA,535,200,NA,61,13.05,NA,75,62,NA,"1314",NA,"CG","1KG SCALE"
"707","1314-47594-B","CROZ","KA",597,"101/010","47594","B",NA,NA,NA,2013-12-30,NA,510,200,NA,57,12.05,NA,70,57,NA,"1314",NA,"CG","1KG SCALE"
"708","1314-7-A","CROZ","WB",587,"001/100","7","A",NA,NA,NA,2013-12-30,2035,875,0,NA,86,14.71,NA,100,79,NA,"1314",NA,"CG","5 KG SCALE"
"709","1314-7-B","CROZ","WB",588,"110/100","7","B",NA,NA,NA,2013-12-30,2035,790,200,NA,74,12.91,NA,88,70,NA,"1314",NA,"CG","1KG SCALE"
"710","1314-51416-A","CROZ","KA",598,"011/010","51416","A",NA,NA,NA,2013-12-31,NA,740,195,NA,62,11.08,NA,71,56,NA,"1314",NA,"CG","1KG SCALE"
"711","1314-51416-B","CROZ","KA",599,"111/010","51416","B",NA,NA,NA,2013-12-31,NA,675,195,NA,57,11.37,NA,70,53,NA,"1314",NA,"CG","1KG SCALE"
"712","1314-51481-A","CROZ","KA",600,"000/001","51481","A",NA,NA,NA,2013-12-31,NA,475,195,NA,50,10.9,NA,60,51,NA,"1314",NA,"CG","1KG SCALE"
"713","1314-51481-B","CROZ","KA",601,"100/001","51481","B",NA,NA,NA,2013-12-31,NA,425,195,NA,49,11.3,NA,56,44,NA,"1314",NA,"CG","1KG SCALE"
"714","1314-47679-A","CROZ","KA",602,"010/001","47679","A",NA,NA,NA,2013-12-31,NA,875,0,NA,71,12.64,NA,86,69,NA,"1314",NA,"CG","5 KG SCALE"
"715","1314-47679-B","CROZ","KA",603,"001/001","47679","B",NA,NA,NA,2013-12-31,NA,655,200,NA,71,12.43,NA,79,63,NA,"1314",NA,"CG","1KG SCALE"
"716","1314-3-S","CROZ","WB",604,"110/001","3","S",NA,NA,NA,2013-12-31,1820,955,200,NA,80,13.54,NA,93,74,NA,"1314",NA,"CG","1KG SCALE"
"717","1314-48391-S","CROZ","KA",605,"101/001","48391","S",NA,NA,NA,2013-12-31,NA,680,200,NA,72,12.72,NA,85,70,NA,"1314",NA,"CG","1KG SCALE"
"718","1314-70189-S","CROZ","KA",606,"011/001","70189","S",NA,NA,NA,2014-01-01,NA,785,200,NA,63,11.76,NA,79,63,NA,"1314",NA,"CG","1KG SCALE"
"719","1314-49909-S","CROZ","KA",607,"111/001","49909","S",NA,NA,NA,2014-01-01,NA,510,200,NA,47,10.46,NA,59,48,NA,"1314",NA,"CG","1KG SCALE"
"720","1314-32026-A","CROZ","KA",608,"000/110","32026","A",NA,NA,NA,2014-01-01,NA,825,0,NA,84,14.98,NA,100,79,NA,"1314",NA,"CG","5 KG SCALE"
"721","1314-41336-A","CROZ","KA",609,"100/110","41336","A",NA,NA,NA,2014-01-01,NA,1200,0,NA,97,12.87,NA,99,79,NA,"1314",NA,"CG","5 KG SCALE"
"722","1314-41336-B","CROZ","KA",610,"010/110","41336","B",NA,NA,NA,2014-01-01,NA,860,200,NA,75,12.08,NA,88,69,NA,"1314",NA,"CG","1KG SCALE"
"723","1314-43993-S","CROZ","KA",NA,NA,"43993","S",NA,NA,NA,2014-01-01,NA,445,200,NA,45,12.18,NA,55,45,NA,"1314",NA,"CG","1KG SCALE. TOO SMALL FOR F.T."
"724","1314-50054-A","CROZ","KA",611,"001/110","50054","A",NA,NA,NA,2014-01-01,NA,710,200,NA,69,12.02,NA,78,63,NA,"1314",NA,"CG","1KG SCALE"
"725","1314-50054-B","CROZ","KA",NA,NA,"50054","B",NA,NA,NA,2014-01-01,NA,455,200,NA,51,10.88,NA,57,48,NA,"1314",NA,"CG","1KG SCALE. TOO SMALL FOR F.T."
"726","1314-5-A","CROZ","WB",612,"110/110","5","A",NA,NA,NA,2014-01-01,1940,750,200,NA,63,12.52,NA,73,60,NA,"1314",NA,"CG","1KG SCALE"
"727","1314-13-A","CROZ","WB",578,"010/000","13","A",NA,NA,NA,2014-01-01,1945,1775,0,NA,134,14.18,NA,126,94,NA,"1314",NA,"CG","5 KG SCALE"
"728","1314-13-B","CROZ","WB",579,"001/000","13","B",NA,NA,NA,2014-01-01,1945,785,200,NA,69,11.34,NA,86,64,NA,"1314",NA,"CG","1KG SCALE"
"729","1314-14-S","CROZ","WB",613,"101/110","14","S",NA,NA,NA,2014-01-01,1955,785,200,NA,68,12.72,NA,80,67,NA,"1314",NA,"CG","1KG SCALE"
"730","1314-48970-S","CROZ","KA",614,"011/110","48970","S",NA,NA,NA,2014-01-01,NA,875,0,NA,80,13.61,NA,89,75,NA,"1314",NA,"CG","5 KG SCALE"
"731","1314-32462-S","CROZ","KA",NA,NA,"32462","S",NA,NA,NA,2014-01-02,NA,405,200,NA,44,9.86,NA,52,45,NA,"1314",NA,"CG","1KG SCALE"
"732","1314-48000-S","CROZ","KA",615,"111/110","48000","S",NA,NA,NA,2014-01-02,NA,870,200,NA,68,13.07,NA,81,64,NA,"1314",NA,"CG","1KG SCALE"
"733","1314-69403-A","CROZ","KA",616,"000/101","69403","A",NA,NA,NA,2014-01-02,NA,455,200,NA,47,11.11,NA,59,49,NA,"1314",NA,"CG","1KG SCALE"
"734","1314-48537-A","CROZ","KA",617,"100/101","48537","A",NA,NA,NA,2014-01-02,NA,535,200,NA,54,10.49,NA,59,49,NA,"1314",NA,"CG","1KG SCALE"
"735","1314-48537-B","CROZ","KA",NA,NA,"48537","B",NA,NA,NA,2014-01-02,NA,330,200,NA,44,10.44,NA,49,41,NA,"1314",NA,"CG","1KG SCALE. TOO SMALL FOR F.T."
"736","1314-45151-S","CROZ","KA",618,"010/101","45151","S",NA,NA,NA,2014-01-02,NA,850,0,NA,85,15.02,NA,94,73,NA,"1314",NA,"CG","5 KG SCALE"
"737","1314-49972-A","CROZ","KA",574,"000/011","49972","A",NA,NA,NA,2014-01-02,NA,1000,0,NA,107,13.99,NA,110,88,NA,"1314",NA,"CG","5 KG SCALE"
"738","1314-40225-A","CROZ","KA",585,"100/100","40225","A",NA,NA,NA,2014-01-02,NA,1175,0,NA,110,14.19,NA,117,85,NA,"1314",NA,"CG","5 KG SCALE"
"739","1314-46183-A","CROZ","KA",576,"000/000","46183","A",NA,NA,NA,2014-01-02,NA,1025,0,0,111,14.47,NA,105,86,NA,"1314",NA,"CG","5 KG SCALE"
"740","1314-9-B","CROZ","WB",572,"011/101","9","B",NA,NA,NA,2014-01-03,1350,1175,0,NA,134,15.32,NA,126,99,NA,"1314",NA,"CG","5 KG SCALE"
"741","1314-9-A","CROZ","WB",571,"101/101","9","A",NA,NA,NA,2014-01-03,1350,2025,0,NA,162,15.93,NA,142,99,NA,"1314",NA,"CG","5 KG SCALE"
"742","1314-12-A","CROZ","WB",584,"000/100","12","A",NA,NA,NA,2014-01-03,1400,2125,0,NA,135,15.27,NA,125,92,NA,"1314",NA,"CG","5 KG SCALE"
"743","1314-15-A","CROZ","WB",582,"011/000","15","A",NA,NA,NA,2014-01-03,1405,1150,0,NA,93,15.68,NA,112,85,NA,"1314",NA,"CG","5 KG SCALE"
"744","1314-15-B","CROZ","WB",583,"111/000","15","B",NA,NA,NA,2014-01-03,1405,675,0,NA,84,14.95,NA,98,78,NA,"1314",NA,"CG","5 KG SCALE. has mostly rocks in stomach."
"745","1314-46792-S","CROZ","KA",619,"001/101","46792","S",NA,NA,NA,2014-01-03,NA,1175,0,NA,85,13.61,NA,100,79,NA,"1314",NA,"CG","5 KG SCALE"
"746","1314-62288-S","CROZ","KA",620,"110/101","62288","S",NA,NA,NA,2014-01-03,NA,600,195,NA,54,12.74,NA,69,57,NA,"1314",NA,"CG","1KG SCALE"
"748","1314-41381-O","CROZ","KA",622,"011/101","41381","O",NA,NA,NA,2014-01-03,NA,875,0,NA,72,12.33,NA,86,67,NA,"1314",NA,"CG","5 KG SCALE"
"749","1314-41381-A","CROZ","KA",623,"111/101","41381","A",NA,NA,NA,2014-01-03,NA,875,0,NA,76,12.37,NA,91,66,NA,"1314",NA,"CG","5 KG SCALE. CALLING THIS CH-A BUT NOT POSSITIVE. CHX A AND B WERE VERY SIMILAR SIZE ON 1ST MEASURE"
"750","1314-48611-S","CROZ","KA",573,"111/111","48611","S",NA,NA,NA,2014-01-03,NA,1350,0,NA,129,14.47,NA,126,94,NA,"1314",NA,"CG","5 KG SCALE"
"751","1314-47594-A","CROZ","KA",596,"110/010","47594","A",NA,NA,NA,2014-01-03,NA,1100,0,NA,79,13.32,NA,97,80,NA,"1314",NA,"CG","5 KG SCALE"
"752","1314-47594-B","CROZ","KA",597,"101/010","47594","B",NA,NA,NA,2014-01-03,NA,825,0,NA,70,13.25,NA,85,70,NA,"1314",NA,"CG","5 KG SCALE"
"753","1314-49629-A","CROZ","KA",624,"000/011","49629","A",NA,NA,NA,2014-01-03,NA,880,195,NA,74,12.5,NA,86,70,NA,"1314",NA,"CG","1KG SCALE"
"754","1314-49629-B","CROZ","KA",NA,NA,"49629","B",NA,NA,NA,2014-01-03,NA,405,195,NA,58,10.82,NA,61,49,NA,"1314",NA,"CG","1KG SCALE. TOO SMALL FOR F.T."
"755","1314-32480-S","CROZ","KA",NA,NA,"32480","S",NA,NA,NA,2014-01-03,NA,395,195,NA,45,10.17,NA,52,45,NA,"1314",NA,"CG","1KG SCALE. TOO SMALL FOR F.T. UNHATCHED EGG IN NEST, CALLING THIS CH-S, NOT CH-A"
"756","1314-69773-S","CROZ","KA",625,"100/011","69773","S",NA,NA,NA,2014-01-04,NA,410,195,NA,39,10.9,NA,49,41,NA,"1314",NA,"CG","1KG SCALE"
"757","1314-69644-A","CROZ","KA",501,"010/011","69644","A",NA,NA,NA,2014-01-04,NA,900,200,NA,68,13.94,NA,81,64,NA,"1314",NA,"CG","1KG SCALE. SEEMS LETHARGIC AND HAS PECK WOUND. BUT HAS FULL BELLY"
"758","1314-45124-A","CROZ","KA",502,"001/011","45124","A",NA,NA,NA,2014-01-04,NA,950,0,NA,89,14.53,NA,101,79,NA,"1314",NA,"CG","5 KG SCALE. CH WAS BROODED BY BB, BUT MAY NOT ACTUALLY BE NATAL CH. RAN TO OTHER NEST AFTER"
"759","1314-45124-B","CROZ","KA",595,"001/010","45124","B",NA,NA,NA,2014-01-04,NA,520,200,NA,59,12.76,NA,76,60,NA,"1314",NA,"CG","1KG SCALE"
"760","1314-7-A","CROZ","WB",587,"001/100","7","A",NA,NA,NA,2014-01-04,2010,1775,0,NA,115,15.93,NA,120,94,NA,"1314",NA,"CG","5 KG SCALE"
"761","1314-3-S","CROZ","WB",604,"110/001","3","S",NA,NA,NA,2014-01-04,2020,1125,0,NA,104,15.3,NA,110,85,NA,"1314",NA,"CG","5 KG SCALE"
"762","1314-48326-S","CROZ","KA",503,"110/011","48326","S",NA,NA,NA,2014-01-05,NA,875,0,NA,79,13.55,NA,96,77,NA,"1314",NA,"CG","5 KG SCALE"
"763","1314-50328-S","CROZ","KA",504,"101/011","50328","S",NA,NA,NA,2014-01-05,NA,530,200,NA,47,11.3,NA,63,51,NA,"1314",NA,"CG","1KG SCALE"
"764","1314-45846-A","CROZ","KA",505,"011/011","45846","A",NA,NA,NA,2014-01-05,NA,1000,0,NA,92,13.98,NA,95,78,NA,"1314",NA,"CG","5 KG SCALE"
"765","1314-51089-A","CROZ","KA",506,"111/011","51089","A",NA,NA,NA,2014-01-05,NA,1025,0,NA,79,12.92,NA,96,75,NA,"1314",NA,"CG","5 KG SCALE"
"766","1314-48391-S","CROZ","KA",605,"101/001","48391","S",NA,NA,NA,2014-01-05,NA,855,200,NA,95,13.38,NA,100,84,NA,"1314",NA,"CG","1KG SCALE"
"767","1314-51416-A","CROZ","KA",598,"001/010","51416","A",NA,NA,NA,2014-01-05,NA,695,200,NA,72,11.43,NA,87,67,NA,"1314",NA,"CG","1KG SCALE"
"768","1314-51416-B","CROZ","KA",599,"111/010","51416","B",NA,NA,NA,2014-01-05,NA,260,15,NA,61,11.56,NA,70,58,NA,"1314",NA,"CG","DEAD. APPEARS STARVED; NOT SKUA OR PENGUIN KILLED. WEIGHED WITH NO BAG, HOOK THRU FOOT"
"769","1314-43993-S","CROZ","KA",507,"000/111","43993","S",NA,NA,NA,2014-01-05,NA,610,200,NA,62,12.27,NA,74,61,NA,"1314",NA,"CG","1KG SCALE"
"770","1314-70189-S","CROZ","KA",606,"011/001","70189","S",NA,NA,NA,2014-01-05,NA,1050,0,NA,85,13.49,NA,100,78,NA,"1314",NA,"CG","5 KG SCALE"
"771","1314-48537-A","CROZ","KA",617,"100/101","48537","A",NA,NA,NA,2014-01-05,NA,645,200,NA,64,11.63,NA,75,59,NA,"1314",NA,"CG","1KG SCALE"
"772","1314-48537-B","CROZ","KA",508,"100/111","48537","B",NA,NA,NA,2014-01-05,NA,390,200,NA,49,10.64,NA,55,44,NA,"1314",NA,"CG","1KG SCALE"
"773","1314-44554-A","CROZ","KA",592,"000/010","44554","A",NA,NA,NA,2014-01-05,NA,1325,0,NA,89,14.11,NA,100,76,NA,"1314",NA,"CG","5 KG SCALE"
"774","1314-13-A","CROZ","WB",578,"010/000","13","A",NA,NA,NA,2014-01-06,1200,1775,0,NA,154,16.02,NA,137,97,NA,"1314",NA,"CG","5 KG SCALE"
"775","1314-48970-S","CROZ","KA",614,"011/110","48970","S",NA,NA,NA,2014-01-06,NA,1150,0,NA,105,14.73,NA,109,88,NA,"1314",NA,"CG","5 KG SCALE"
"776","1314-69403-A","CROZ","KA",616,"000/101","69403","A",NA,NA,NA,2014-01-06,NA,580,200,NA,64,12.6,NA,79,64,NA,"1314",NA,"CG","1KG SCALE"
"777","1314-62026-A","CROZ","KA",509,"010/111","62026","A",NA,NA,NA,2014-01-07,NA,660,200,NA,54,12.62,NA,68,56,NA,"1314",NA,"CG","1KG SCALE"
"778","1314-62026-B","CROZ","KA",NA,NA,"62026","B",NA,NA,NA,2014-01-07,NA,335,200,NA,46,11.59,NA,50,42,NA,"1314",NA,"CG","1KG SCALE"
"779","1314-32462-S","CROZ","KA",510,"001/111","32462","S",NA,NA,NA,2014-01-07,NA,745,200,NA,59,11.02,NA,75,60,NA,"1314",NA,"CG","1KG SCALE"
"780","1314-48445-S","CROZ","KA",511,"110/111","48445","S",NA,NA,NA,2014-01-07,NA,1625,0,NA,104,14.57,NA,110,83,NA,"1314",NA,"CG","5 KG SCALE"
"781","1314-48931-S","CROZ","KA",594,"010/010","48931","S",NA,NA,NA,2014-01-07,NA,1625,0,NA,139,14.94,NA,121,97,NA,"1314",NA,"CG","5 KG SCALE"
"782","1314-48000-S","CROZ","KA",615,"111/110","48000","S",NA,NA,NA,2014-01-07,NA,675,0,NA,90,14.55,NA,99,79,NA,"1314",NA,"CG","5 KG SCALE"
"783","1314-69773-S","CROZ","KA",625,"100/011","69773","S",NA,NA,NA,2014-01-07,NA,365,200,NA,46,12.1,NA,55,46,NA,"1314",NA,"CG","1KG SCALE"
"784","1314-45151-S","CROZ","KA",618,"010/101","45151","S",NA,NA,NA,2014-01-07,NA,875,200,NA,108,16.37,NA,110,87,NA,"1314",NA,"CG","1KG SCALE"
"785","1314-51089-A","CROZ","KA",506,"111/011","51089","A",NA,NA,NA,2014-01-07,NA,835,200,NA,59,14.27,NA,100,78,NA,"1314",NA,"CG","1KG SCALE"
"786","1314-49972-A","CROZ","KA",574,"000/011","49972","A",NA,NA,NA,2014-01-07,NA,1275,0,NA,148,14.19,NA,123,95,NA,"1314",NA,"CG","5 KG SCALE"
"787","1314-46604-S","CROZ","KA",591,"111/100","46604","S",NA,NA,NA,2014-01-07,NA,880,200,NA,89,14.57,NA,100,82,NA,"1314",NA,"CG","1KG SCALE"
"788","1314-47679-A","CROZ","KA",602,"010/001","47679","A",NA,NA,NA,2014-01-07,NA,1100,0,0,102,14.38,NA,110,85,NA,"1314",NA,"CG","5 KG SCALE"
"789","1314-47679-B","CROZ","KA",603,"001/001","47679","B",NA,NA,NA,2014-01-07,NA,700,200,NA,81,13.26,NA,97,73,NA,"1314",NA,"CG","1KG SCALE"
"790","1314-51481-A","CROZ","KA",600,"000/001","51481","A",NA,NA,NA,2014-01-07,NA,680,200,NA,72,12.99,NA,87,73,NA,"1314",NA,"CG","1KG SCALE"
"791","1314-51481-B","CROZ","KA",601,"100/001","51481","B",NA,NA,NA,2014-01-07,NA,555,200,NA,63,13.11,NA,79,64,NA,"1314",NA,"CG","1KG SCALE"
"792","1314-41336-A","CROZ","KA",609,"100/110","41336","A",NA,NA,NA,2014-01-07,NA,1250,0,NA,128,15.17,NA,120,94,NA,"1314",NA,"CG","5 KG SCALE"
"793","1314-41336-B","CROZ","KA",610,"010/110","41336","B",NA,NA,NA,2014-01-07,NA,625,0,NA,88,13.44,NA,100,77,NA,"1314",NA,"CG","5 KG SCALE"
"794","1314-46678-A","CROZ","KA",512,"101/111","46678","A",NA,NA,NA,2014-01-08,NA,975,0,NA,87,14.64,NA,98,75,NA,"1314",NA,"CG","5 KG SCALE"
"795","1314-62154-S","CROZ","KA",513,"011/111","62154","S",NA,NA,NA,2014-01-08,NA,720,190,NA,60,12.47,NA,72,62,NA,"1314",NA,"CG","5 KG SCALE"
"796","1314-46792-S","CROZ","KA",619,"001/101","46792","S",NA,NA,NA,2014-01-08,NA,1575,0,NA,115,14.62,NA,114,89,NA,"1314",NA,"CG","5 KG SCALE"
"797","1314-49909-S","CROZ","KA",607,"111/001","49909","S",NA,NA,NA,2014-01-08,NA,700,200,NA,64,12.24,NA,74,62,NA,"1314",NA,"CG","1KG SCALE"
"798","1314-45846-A","CROZ","KA",505,"011/011","45846","A",NA,NA,NA,2014-01-08,NA,1100,0,NA,108,14.66,NA,105,85,NA,"1314",NA,"CG","5 KG SCALE"
"799","1314-69644-A","CROZ","KA",501,"010/011","69644","A",NA,NA,NA,2014-01-08,NA,865,200,NA,86,13.92,NA,98,76,NA,"1314",NA,"CG","1KG SCALE"
"800","1314-50054-A","CROZ","KA",611,"001/110","50054","A",NA,NA,NA,2014-01-08,NA,875,0,NA,99,12.64,NA,99,79,NA,"1314",NA,"CG","5 KG SCALE"
"801","1314-48326-S","CROZ","KA",503,"110/011","48326","S",NA,NA,NA,2014-01-08,NA,1125,0,0,99,14.04,NA,105,84,NA,"1314",NA,"CG","5 KG SCALE"
"802","1314-47594-A","CROZ","KA",596,"110/010","47594","A",NA,NA,NA,2014-01-08,NA,1325,0,NA,104,14.84,NA,114,88,NA,"1314",NA,"CG","5 KG SCALE"
"803","1314-47594-B","CROZ","KA",597,"101/010","47594","B",NA,NA,NA,2014-01-08,NA,1050,0,NA,85,14.02,NA,99,79,NA,"1314",NA,"CG","5 KG SCALE"
"804","1314-32026-A","CROZ","KA",608,"000/110","32026","A",NA,NA,NA,2014-01-08,NA,1625,0,NA,115,15.41,NA,123,92,NA,"1314",NA,"CG","5 KG SCALE"
"805","1314-46641-S","CROZ","KA",589,"101/100","46641","S",NA,NA,NA,2014-01-08,NA,2375,0,NA,147,15.5,NA,134,99,NA,"1314",NA,"CG","5 KG SCALE"
"806","1314-62288-S","CROZ","KA",620,"110/101","62288","S",NA,NA,NA,2014-01-08,NA,875,0,NA,72,14.69,NA,87,71,NA,"1314",NA,"CG","5 KG SCALE"
"807","1314-48611-S","CROZ","KA",573,"111/111","48611","S",NA,NA,NA,2014-01-08,NA,2100,0,NA,157,16.06,NA,135,100,NA,"1314",NA,"CG","5 KG SCALE"
"808","1314-32480-S","CROZ","KA",514,"111/111","32480","S",NA,NA,NA,2014-01-08,NA,725,200,NA,63,12.15,NA,75,67,NA,"1314",NA,"CG","1KG SCALE. SAME STRIPES AS NEST IN M19"
"809","1314-12-A","CROZ","WB",584,"000/100","12","A",NA,NA,NA,2014-01-08,2330,2500,0,NA,163,16.32,NA,140,100,NA,"1314",NA,"CG","5 KG SCALE"
"865","1314-49554-S","CROZ","KA",515,"010/000","49554","S",NA,NA,NA,2014-01-09,NA,760,195,NA,84,13.35,NA,87,76,NA,"1314",NA,"CG","1KG SCALE"
"866","1314-49629-A","CROZ","KA",624,"000/011","49629","A",NA,NA,NA,2014-01-09,NA,850,0,NA,100,13.16,NA,109,82,NA,"1314",NA,"CG","5KG SCALE"
"867","1314-45124-A","CROZ","KA",502,"001/011","45124","A",NA,NA,NA,2014-01-09,NA,1600,0,NA,117,15.32,NA,115,92,NA,"1314",NA,"CG","5KG SCALE"
"868","1314-45124-B","CROZ","KA",595,"001/010","45124","B",NA,NA,NA,2014-01-09,NA,510,200,NA,64,12.21,NA,78,65,NA,"1314",NA,"CG","1KG SCALE"
"869","1314-50328-S","CROZ","KA",504,"101/011","50328","S",NA,NA,NA,2014-01-09,NA,650,200,NA,56,11.02,NA,70,57,NA,"1314",NA,"CG","1KG SCALE"
"870","1314-41381-O","CROZ","KA",622,"011/101","41381","O",NA,NA,NA,2014-01-09,NA,850,0,NA,95,12.98,NA,100,79,NA,"1314",NA,"CG","5KG SCALE. ORPHANE CH"
"871","1314-7-A","CROZ","WB",587,"001/100","7","A",NA,NA,NA,2014-01-09,1900,1875,0,NA,153,16.73,NA,130,101,NA,"1314",NA,"CG","5KG SCALE"
"872","1314-3-S","CROZ","WB",604,"110/001","3","S",NA,NA,NA,2014-01-09,1910,1475,0,NA,131,16.08,NA,124,92,NA,"1314",NA,"CG","5KG SCALE"
"873","1314-41381-A","CROZ","KA",623,"111/101","41381","A",NA,NA,NA,2014-01-10,NA,875,0,NA,101,12.86,NA,115,87,NA,"1314",NA,"CG","5KG SCALE"
"874","1314-43993-S","CROZ","KA",507,"000/111","43993","S",NA,NA,NA,2014-01-10,NA,550,0,NA,74,13.81,NA,85,71,NA,"1314",NA,"CG","5KG SCALE"
"875","1314-40225-A","CROZ","KA",585,"100/100","40225","A",NA,NA,NA,2014-01-10,NA,1575,0,NA,141,16.07,NA,129,91,NA,"1314",NA,"CG","5KG SCALE"
"876","1314-70189-S","CROZ","KA",606,"011/001","70189","S",NA,NA,NA,2014-01-10,NA,925,0,NA,108,14.9,NA,113,88,NA,"1314",NA,"CG","5KG SCALE"
"877","1314-48537-A","CROZ","KA",617,"100/101","48537","A",NA,NA,NA,2014-01-10,NA,970,195,NA,83,12.63,NA,94,73,NA,"1314",NA,"CG","1KG SCALE"
"878","1314-51416-A","CROZ","KA",598,"011/010","51416","A",NA,NA,NA,2014-01-10,NA,1225,0,NA,89,13.37,NA,99,76,NA,"1314",NA,"CG","5KG SCALE"
"879","1314-48391-S","CROZ","KA",605,"101/001","48391","S",NA,NA,NA,2014-01-10,NA,1100,0,NA,109,15.11,NA,105,89,NA,"1314",NA,"CG","5KG SCALE"
"880","1314-48970-S","CROZ","KA",614,"011/110","48970","S",NA,NA,NA,2014-01-11,NA,1375,0,NA,135,15.09,NA,124,96,NA,"1314",NA,"CG","5KG SCALE"
"881","1314-46183-A","CROZ","KA",576,"000/000","46183","A",NA,NA,NA,2014-01-11,NA,1950,0,NA,151,15.73,NA,124,97,NA,"1314",NA,"CG","5KG SCALE"
"882","1314-48000-S","CROZ","KA",615,"111/110","48000","S",NA,NA,NA,2014-01-11,NA,800,0,NA,93,14.88,NA,105,81,NA,"1314",NA,"CG","5KG SCALE"
"883","1314-69403-A","CROZ","KA",616,"000/101","69403","A",NA,NA,NA,2014-01-11,NA,940,190,NA,54,16.67,NA,99,80,NA,"1314",NA,"CG","1KG SCALE"
"884","1314-51089-A","CROZ","KA",506,"111/011","51089","A",NA,NA,NA,2014-01-11,NA,1250,0,NA,111,15.04,NA,113,90,NA,"1314",NA,"CG","5KG SCALE"
"885","1314-62026-A","CROZ","KA",509,"010/111","62026","A",NA,NA,NA,2014-01-11,NA,540,190,NA,63,12.1,NA,75,59,NA,"1314",NA,"CG","1KG SCALE"
"886","1314-44554-A","CROZ","KA",592,"000/010","44554","A",NA,NA,NA,2014-01-11,NA,1325,0,NA,123,17.53,NA,117,86,NA,"1314",NA,"CG","5KG SCALE"
"887","1314-9-A","CROZ","WB",571,"101/101","9","A",NA,NA,NA,2014-01-12,1430,3150,0,NA,187,18.28,NA,150,105,"10","1314",NA,"CG","5KG SCALE"
"888","1314-13-A","CROZ","WB",578,"010/000","13","A",NA,NA,NA,2014-01-12,1440,2250,0,NA,165,16.78,NA,141,96,NA,"1314",NA,"CG","5KG SCALE"
"889","1314-32480-S","CROZ","KA",514,"111/111","32480","S",NA,NA,NA,2014-01-12,NA,775,0,NA,77,12.56,NA,89,75,NA,"1314",NA,"CG","5KG SCALE"
"890","1314-51481-A","CROZ","KA",600,"000/001","51481","A",NA,NA,NA,2014-01-12,NA,770,190,NA,82,12.97,NA,95,77,NA,"1314",NA,"CG","1KG SCALE"
"891","1314-51481-B","CROZ","KA",601,"100/001","51481","B",NA,NA,NA,2014-01-12,NA,285,15,NA,64,10.69,NA,78,64,NA,"1314",NA,"CG","DEAD; STARVED; NOT EATEN OR PECKED. WEIGHED W/OUT BAG"
"892","1314-48445-S","CROZ","KA",511,"110/111","48445","S",NA,NA,NA,2014-01-12,NA,1625,0,NA,127,15.01,NA,124,96,NA,"1314",NA,"CG","5KG SCALE"
"893","1314-41336-A","CROZ","KA",609,"100/110","41336","A",NA,NA,NA,2014-01-12,NA,2250,0,NA,155,16.58,NA,130,96,NA,"1314",NA,"CG","5KG SCALE"
"894","1314-41336-B","CROZ","KA",610,"010/110","41336","B",NA,NA,NA,2014-01-12,NA,1225,0,NA,103,14.88,NA,111,81,NA,"1314",NA,"CG","5KG SCALE"
"895","1314-48931-S","CROZ","KA",594,"010/010","48931","S",NA,NA,NA,2014-01-12,NA,2225,0,NA,161,17.41,NA,133,102,NA,"1314",NA,"CG","5KG SCALE"
"896","1314-69773-S","CROZ","KA",625,"100/011","69773","S",NA,NA,NA,2014-01-12,NA,535,200,NA,53,11.92,NA,70,56,NA,"1314",NA,"CG","1KG SCALE"
"897","1314-49972-A","CROZ","KA",574,"000/011","49972","A",NA,NA,NA,2014-01-12,NA,1725,0,NA,150,16.06,NA,134,98,NA,"1314",NA,"CG","5KG SCALE"
"898","1314-62154-S","CROZ","KA",513,"011/111","62154","S",NA,NA,NA,2014-01-12,NA,680,200,NA,71,13.55,NA,90,73,NA,"1314",NA,"CG","1KG SCALE"
"899","1314-32462-S","CROZ","KA",510,"001/111","32462","S",NA,NA,NA,2014-01-12,NA,700,200,NA,76,11.97,NA,88,75,NA,"1314",NA,"CG","1KG SCALE"
"900","1314-45151-S","CROZ","KA",618,"010/101","45151","S",NA,NA,NA,2014-01-12,NA,950,0,NA,124,15.66,NA,119,89,NA,"1314",NA,"CG","5KG SCALE"
"901","1314-46604-S","CROZ","KA",591,"111/100","46604","S",NA,NA,NA,2014-01-12,NA,775,0,NA,108,14.96,NA,114,87,NA,"1314",NA,"CG","5KG SCALE"
"902","1314-49909-S","CROZ","KA",607,"111/001","49909","S",NA,NA,NA,2014-01-12,NA,930,200,NA,75,12.65,NA,88,68,NA,"1314",NA,"CG","1KG SCALE"
"903","1314-47679-B","CROZ","KA",603,"001/001","47679","B",NA,NA,NA,2014-01-12,NA,940,200,NA,101,14.47,NA,113,84,NA,"1314",NA,"CG","1KG SCALE"
"904","1314-47679-A","CROZ","KA",602,"010/001","47679","A",NA,NA,NA,2014-01-12,NA,1825,0,NA,128,15.17,NA,125,95,NA,"1314",NA,"CG","5KG SCALE"
"905","1314-62288-S","CROZ","KA",620,"110/101","62288","S",NA,NA,NA,2014-01-13,NA,975,0,NA,84,14.28,NA,95,75,NA,"1314",NA,"CG","5KG SCALE"
"906","1314-48611-S","CROZ","KA",573,"111/111","48611","S",NA,NA,NA,2014-01-13,NA,2900,0,NA,171,16.73,NA,141,99,"<1","1314",NA,"CG","5KG SCALE"
"907","1314-69644-A","CROZ","KA",501,"010/011","69644","A",NA,NA,NA,2014-01-13,NA,1000,0,NA,105,15.46,NA,110,82,NA,"1314",NA,"CG","5KG SCALE"
"908","1314-50054-A","CROZ","KA",611,"001/110","50054","A",NA,NA,NA,2014-01-13,NA,1400,0,NA,107,14.59,NA,111,85,NA,"1314",NA,"CG","5KG SCALE"
"909","1314-48326-S","CROZ","KA",503,"110/011","48326","S",NA,NA,NA,2014-01-13,NA,1350,0,NA,108,14.59,NA,112,89,NA,"1314",NA,"CG","5KG SCALE"
"910","1314-49554-S","CROZ","KA",515,"010/000","49554","S",NA,NA,NA,2014-01-13,NA,790,200,NA,89,13.65,NA,95,78,NA,"1314",NA,"CG","1KG SCALE"
"911","1314-45846-A","CROZ","KA",505,"011/011","45846","A",NA,NA,NA,2014-01-13,NA,1750,0,NA,121,15.4,NA,117,92,NA,"1314",NA,"CG","5KG SCALE"
"912","1314-46792-S","CROZ","KA",619,"001/101","46792","S",NA,NA,NA,2014-01-13,NA,1525,0,NA,146,16.2,NA,127,98,NA,"1314",NA,"CG","5KG SCALE"
"913","1314-15-A","CROZ","WB",582,"011/000","15","A",NA,NA,NA,2014-01-13,1850,2575,0,NA,165,18.66,NA,141,104,NA,"1314",NA,"CG","5KG SCALE"
"914","1314-12-A","CROZ","WB",584,"000/100","12","A",NA,NA,NA,2014-01-13,1900,3050,0,NA,179,17.6,NA,147,102,">5","1314",NA,"CG","5KG SCALE"
"915","1314-15-B","CROZ","WB",583,"111/000","15","B",NA,NA,NA,2014-01-13,1905,1675,0,0,134,16.65,NA,125,96,NA,"1314",NA,"CG","5KG SCALE"
"916","1314-45124-A","CROZ","KA",502,"001/011","45124","A",NA,NA,NA,2014-01-14,NA,2125,0,NA,148,16.16,NA,135,100,NA,"1314",NA,"CG","5KG SCALE"
"917","1314-47594-A","CROZ","KA",596,"110/010","47594","A",NA,NA,NA,2014-01-14,NA,1625,0,NA,124,15.17,NA,131,102,NA,"1314",NA,"CG","5KG SCALE"
"918","1314-47594-B","CROZ","KA",597,"101/010","47594","B",NA,NA,NA,2014-01-14,NA,1025,0,NA,103,14.98,NA,115,86,NA,"1314",NA,"CG","5KG SCALE"
"919","1314-46678-A","CROZ","KA",512,"101/111","46678","A",NA,NA,NA,2014-01-14,NA,1325,0,NA,124,15.53,NA,120,87,NA,"1314",NA,"CG","5KG SCALE"
"920","1314-49629-A","CROZ","KA",624,"000/011","49629","A",NA,NA,NA,2014-01-14,NA,1625,0,NA,128,14.94,NA,124,91,NA,"1314",NA,"CG","5KG SCALE"
"921","1314-32026-A","CROZ","KA",608,"000/110","32026","A",NA,NA,NA,2014-01-14,NA,1925,0,NA,143,17.14,NA,133,99,"5 to 10","1314",NA,"CG","5KG SCALE"
"922","1314-46641-S","CROZ","KA",589,"101/100","46641","S",NA,NA,NA,2014-01-14,NA,2200,0,NA,165,16.36,NA,143,103,"5","1314",NA,"CG","5KG SCALE"
"923","1314-41381-O","CROZ","KA",622,"011/101","41381","O",NA,NA,NA,2014-01-14,NA,1450,0,NA,114,12.65,NA,115,88,"0","1314",NA,"CG","5KG SCALE"
"924","1314-7-A","CROZ","WB",587,"001/100","7","A",NA,NA,NA,2014-01-14,1430,3550,0,NA,173,17.02,NA,144,105,"5","1314",NA,"CG","5KG SCALE"
"925","1314-3-S","CROZ","WB",604,"110/001","3","S",NA,NA,NA,2014-01-14,1440,1875,0,NA,146,16.22,NA,134,96,">5","1314",NA,"CG","5KG SCALE"
"926","1314-44554-A","CROZ","KA",592,"000/010","44554","A",NA,NA,NA,2014-01-15,NA,2100,0,NA,137,15.87,NA,127,90,"5","1314",NA,"CG","5KG SCALE"
"927","1314-51416-A","CROZ","KA",598,"011/010","51416","A",NA,NA,NA,2014-01-15,NA,1475,0,NA,114,13.86,NA,119,86,"0","1314",NA,"CG","5KG SCALE"
"928","1314-48537-A","CROZ","KA",617,"100/101","48537","A",NA,NA,NA,2014-01-15,NA,900,0,NA,100,13.84,NA,108,81,"0","1314",NA,"CG","5KG SCALE"
"929","1314-70189-S","CROZ","KA",606,"011/001","70189","S",NA,NA,NA,2014-01-15,NA,1400,0,NA,138,15.38,NA,125,95,"0","1314",NA,"CG","5KG SCALE"
"930","1314-40225-A","CROZ","KA",585,"100/100","40225","A",NA,NA,NA,2014-01-15,NA,1800,0,NA,152,16.29,NA,134,94,"5","1314",NA,"CG","5KG SCALE"
"931","1314-48391-S","CROZ","KA",605,"101/001","48391","S",NA,NA,NA,2014-01-15,NA,1700,0,NA,141,15.81,NA,124,95,"1","1314",NA,"CG","5KG SCALE"
"932","1314-50328-S","CROZ","KA",504,"101/011","50328","S",NA,NA,NA,2014-01-15,NA,615,185,NA,64,12.15,NA,79,65,"0","1314",NA,"CG","1KG SCALE"
"933","1314-13-A","CROZ","WB",578,"010/000","13","A",NA,NA,NA,2014-01-16,1520,2375,0,NA,174,17.04,NA,146,97,"5","1314",NA,"CG","5KG SCALE"
"934","1314-41381-A","CROZ","KA",623,"111/101","41381","A",NA,NA,NA,2014-01-16,NA,1125,0,NA,131,13.93,NA,131,96,"1","1314",NA,"CG","5KG SCALE"
"935","1314-48000-S","CROZ","KA",615,"111/110","48000","S",NA,NA,NA,2014-01-16,NA,1200,0,NA,107,16.16,NA,115,85,"0","1314",NA,"CG","5KG SCALE"
"936","1314-51089-A","CROZ","KA",506,"111/011","51089","A",NA,NA,NA,2014-01-16,NA,1350,0,NA,139,15.99,NA,121,92,"1","1314",NA,"CG","5KG SCALE"
"937","1314-46183-A","CROZ","KA",576,"000/000","46183","A",NA,NA,NA,2014-01-17,NA,2225,0,NA,163,16.77,NA,131,99,"10","1314",NA,"CG","5KG SCALE"
"938","1314-41336-B","CROZ","KA",610,"010/110","41336","B",NA,NA,NA,2014-01-17,NA,1250,0,NA,129,14.71,NA,123,91,"1","1314",NA,"CG","5KG SCALE"
"939","1314-41336-A","CROZ","KA",609,"100/110","41336","A",NA,NA,NA,2014-01-17,NA,2425,0,NA,180,17.07,NA,143,99,"1","1314",NA,"CG","5KG SCALE"
"940","1314-48445-S","CROZ","KA",511,"110/111","48445","S",NA,NA,NA,2014-01-17,NA,1425,0,NA,154,15.68,NA,136,101,"1","1314",NA,"CG","5KG SCALE"
"941","1314-51481-A","CROZ","KA",600,"000/001","51481","A",NA,NA,NA,2014-01-17,NA,9999,0,NA,85,13.08,NA,95,77,"1","1314",NA,"CG","DEAD. EMPTY STOMACH; STARVED; NOT SKUA OR OTHER ADPE KILLED. NO WEIGHT- SCALE 0'ED WRONG"
"942","1314-48931-S","CROZ","KA",594,"010/010","48931","S",NA,NA,NA,2014-01-17,NA,1875,0,NA,173,17.51,NA,139,103,"1 to 5","1314",NA,"CG","5KG SCALE"
"943","1314-49554-S","CROZ","KA",515,"010/000","49554","S",NA,NA,NA,2014-01-17,NA,500,0,NA,96,13.71,NA,96,77,"0","1314",NA,"CG","5KG SCALE. CH SEEMS WEAK"
"944","1314-49972-A","CROZ","KA",574,"000/011","49972","A",NA,NA,NA,2014-01-17,NA,2000,0,NA,157,15.14,NA,139,99,"5","1314",NA,"CG","5KG SCALE"
"945","1314-46792-S","CROZ","KA",619,"001/101","46792","S",NA,NA,NA,2014-01-17,NA,2725,0,NA,164,17.65,NA,134,102,"1","1314",NA,"CG","5KG SCALE"
"946","1314-49909-S","CROZ","KA",607,"111/001","49909","S",NA,NA,NA,2014-01-17,NA,725,0,NA,76,12.56,NA,90,70,"1","1314",NA,"CG","5KG SCALE"
"947","1314-45151-S","CROZ","KA",618,"010/101","45151","S",NA,NA,NA,2014-01-17,NA,1600,0,NA,154,17.48,NA,130,94,"1","1314",NA,"CG","5KG SCALE"
"948","1314-46604-S","CROZ","KA",591,"111/100","46604","S",NA,NA,NA,2014-01-17,NA,1525,0,NA,130,14.85,NA,125,93,"1","1314",NA,"CG","5KG SCALE"
"949","1314-47679-B","CROZ","KA",603,"001/001","47679","B",NA,NA,NA,2014-01-17,NA,600,0,NA,105,14.79,NA,111,85,"1","1314",NA,"CG","5KG SCALE"
"950","1314-47679-A","CROZ","KA",602,"010/001","47679","A",NA,NA,NA,2014-01-17,NA,1725,0,NA,151,16.12,NA,132,98,"1","1314",NA,"CG","5KG SCALE"
"952","1314-15-B","CROZ","WB",583,"111/000","15","B",NA,NA,NA,2014-01-19,1340,1600,0,NA,155,17.36,NA,129,96,"1","1314",NA,"CG","5KG SCALE"
"953","1314-3-S","CROZ","WB",604,"110/001","3","S",NA,NA,NA,2014-01-19,1350,2150,0,NA,159,16.61,NA,140,97,"1 to 5","1314",NA,"CG","5KG SCALE"
"954","1314-7-A","CROZ","WB",587,"001/100","7","A",NA,NA,7826848,2014-01-19,1400,3150,0,NA,183,18.53,NA,151,102,"5 to 10","1314",NA,"CG","5KG SCALE"
"955","1314-9-A","CROZ","WB",571,"101/101","9","A",NA,NA,8545022,2014-01-19,1410,2925,0,NA,181,20.33,NA,155,105,"75","1314",NA,"CG","5KG SCALE"
"956","1314-15-A","CROZ","WB",582,"011/000","15","A",NA,NA,NA,2014-01-19,1420,2775,0,NA,180,19.25,NA,150,99,"5","1314",NA,"CG","5KG SCALE"
"957","1314-41381-O","CROZ","KA",622,"011/101","41381","O",NA,NA,NA,2014-01-19,NA,1475,0,NA,132,14.37,NA,122,89,"1","1314",NA,"CG","5KG SCALE"
"958","1314-48611-S","CROZ","KA",573,"111/111","48611","S",NA,NA,NA,2014-01-19,NA,2625,0,NA,174,18.1,NA,139,99,"10","1314",NA,"CG","5KG SCALE"
"959","1314-45124-A","CROZ","KA",502,"001/011","45124","A",NA,NA,NA,2014-01-19,NA,2325,0,NA,170,17.08,NA,142,102,"1","1314",NA,"CG","5KG SCALE"
"960","1314-47594-A","CROZ","KA",596,"110/010","47594","A",NA,NA,NA,2014-01-19,NA,1475,0,NA,144,16.4,NA,134,104,"1","1314",NA,"CG","5KG SCALE"
"961","1314-47594-B","CROZ","KA",597,"101/010","47594","B",NA,NA,NA,2014-01-19,NA,975,0,NA,118,15.76,NA,119,89,"1","1314",NA,"CG","5KG SCALE"
"962","1314-46678-A","CROZ","KA",502,"101/111","46678","A",NA,NA,NA,2014-01-19,NA,1600,0,NA,140,16.87,NA,127,90,"1","1314",NA,"CG","5KG SCALE"
"963","1314-48326-S","CROZ","KA",503,"110/011","48326","S",NA,NA,NA,2014-01-19,NA,1325,0,NA,125,15.83,NA,119,90,"1","1314",NA,"CG","5KG SCALE"
"964","1314-45846-A","CROZ","KA",505,"011/011","45846","A",NA,NA,NA,2014-01-19,NA,1525,0,NA,157,16.91,NA,131,99,"1","1314",NA,"CG","5KG SCALE"
"965","1314-46641-S","CROZ","KA",589,"101/100","46641","S",NA,NA,NA,2014-01-19,NA,2350,0,NA,175,16.24,NA,145,101,"5 to 10","1314",NA,"CG","5KG SCALE"
"966","1314-62288-S","CROZ","KA",620,"110/101","62288","S",NA,NA,NA,2014-01-19,NA,1050,0,NA,108,15.44,NA,109,86,"1","1314",NA,"CG","5KG SCALE"
"967","1314-13-A","CROZ","WB",578,"010/000","13","A",NA,NA,NA,2014-01-20,NA,2925,0,NA,174,18.04,NA,142,98,"10","1314",NA,"CG","5KG SCALE"
"968","1314-51416-A","CROZ","KA",598,"011/010","51416","A",NA,NA,NA,2014-01-20,NA,2150,0,NA,129,14.55,NA,125,91,"1","1314",NA,"CG","5KG SCALE. FULL BELLY."
"969","1314-70189-S","CROZ","KA",606,"011/001","70189","S",NA,NA,NA,2014-01-20,NA,1825,0,NA,162,15.37,NA,129,97,"1","1314",NA,"CG","5KG SCALE"
"970","1314-51089-A","CROZ","KA",506,"111/011","51089","A",NA,NA,NA,2014-01-20,NA,2275,0,NA,150,16.65,NA,127,94,"1","1314",NA,"CG","5KG SCALE"
"971","1314-40225-A","CROZ","KA",585,"100/100","40225","A",NA,NA,NA,2014-01-20,NA,1375,25,NA,157,16.99,NA,131,91,"10","1314",NA,"CG","5KG SCALE"
"972","1314-46183-A","CROZ","KA",576,"000/000","46183","A",NA,NA,NA,2014-01-20,NA,1650,0,NA,165,16.96,NA,123,97,"15","1314",NA,"CG","5KG SCALE"
"973","1314-48391-S","CROZ","KA",605,"101/001","48391","S",NA,NA,NA,2014-01-20,NA,1600,0,NA,155,16.83,NA,125,93,"1","1314",NA,"CG","5KG SCALE"
"974","1314-50054-A","CROZ","KA",611,"001/110","50054","A",NA,NA,NA,2014-01-20,NA,1650,0,NA,138,15.46,NA,128,90,"5","1314",NA,"CG","5KG SCALE"
"975","1314-48537-A","CROZ","KA",617,"100/101","48537","A",NA,NA,NA,2014-01-20,NA,1250,0,NA,120,13.92,NA,119,84,"1","1314",NA,"CG","5KG SCALE"
"976","1314-48000-S","CROZ","KA",615,"111/110","48000","S",NA,NA,NA,2014-01-20,NA,800,0,NA,122,15.91,NA,111,86,"1","1314",NA,"CG","5KG SCALE"
"977","1314-44554-A","CROZ","KA",592,"000/010","44554","A",NA,NA,NA,2014-01-20,NA,2450,0,NA,159,16.92,NA,129,89,"25","1314",NA,"CG","5KG SCALE"
"978","1314-12-A","CROZ","WB",584,"000/100","12","A",NA,NA,NA,2014-01-19,1430,3150,0,NA,187,18.65,NA,152,101,"5","1314",NA,"CG","5KG SCALE"
"979","1314-12-A","CROZ","WB",584,"000/100","12","A",NA,NA,NA,2014-01-25,NA,3690,0,0,186,19.52,NA,150,100,"25","1314",NA,"CG","5KG SCALE; SCALE WAS NOT QUITE 0'D. USED LITTLE ROCK TO DETERMIN WEIGHT TO SUBTRACT"
"980","1314-15-B","CROZ","WB",583,"111/000","15","B",NA,NA,NA,2014-01-25,NA,1600,0,NA,162,18.3,NA,131,95,"15","1314",NA,"CG","5KG SCALE"
"981","1314-9-A","CROZ","WB",571,"101/101","9","A",NA,NA,NA,2014-01-25,NA,3175,0,NA,186,20.17,NA,150,105,"90","1314",NA,"CG","5KG SCALE"
"982","1314-3-S","CROZ","WB",604,"110/001","3","S",NA,NA,NA,2014-01-25,NA,2625,0,NA,166,17.64,NA,140,95,"10","1314",NA,"CG","5KG SCALE"
"983","1314-7-A","CROZ","WB",587,"001/100","7","A",NA,NA,NA,2014-01-25,NA,3625,0,NA,182,19.42,NA,151,105,"10","1314",NA,"CG","5KG SCALE"
"984","1314-15-A","CROZ","WB",582,"011/000","15","A",NA,NA,NA,2014-01-25,NA,2675,0,NA,181,20.56,NA,141,100,"15","1314",NA,"CG","5KG SCALE"
"985","1314-48931-S","CROZ","KA",594,"010/010","48931","S",NA,NA,NA,2014-01-25,NA,2675,0,NA,186,18.93,NA,145,100,"10","1314",NA,"CG","5KG SCALE"
"986","1314-45846-A","CROZ","KA",505,"011/011","45846","A",NA,NA,NA,2014-01-25,NA,2375,0,NA,171,17.73,NA,135,99,"5","1314",NA,"CG","5KG SCALE"
"987","1314-46792-S","CROZ","KA",619,"001/101","46792","S",NA,NA,NA,2014-01-25,NA,2150,0,NA,178,18.45,NA,140,99,"5","1314",NA,"CG","5KG SCALE"
"988","1314-47594-B","CROZ","KA",597,"101/010","47594","B",NA,NA,NA,2014-01-25,NA,775,0,NA,119,15.69,NA,117,88,"1","1314",NA,"CG","5KG SCALE"
"989","1314-47594-A","CROZ","KA",596,"110/010","47594","A",NA,NA,NA,2014-01-25,NA,1750,0,NA,160,16.6,NA,138,99,"1 to 5","1314",NA,"CG","5KG SCALE"
"990","1314-50054-A","CROZ","KA",611,"001/110","50054","A",NA,NA,NA,2014-01-25,NA,2550,0,NA,155,15.53,NA,133,90,"1","1314",NA,"CG","5KG SCALE. FULL BELLY"
"991","1314-49972-A","CROZ","KA",574,"000/011","49972","A",NA,NA,NA,2014-01-25,NA,1725,0,NA,166,16.47,NA,134,96,"10","1314",NA,"CG","5KG SCALE"
"992","1314-48326-S","CROZ","KA",503,"110/001","48326","S",NA,NA,NA,2014-01-25,NA,1450,0,NA,138,16.38,NA,124,92,"1 to 5","1314",NA,"CG","5KG SCALE"
"993","1314-41336-A","CROZ","KA",609,"100/110","41336","A",NA,NA,NA,2014-01-25,NA,2425,0,NA,184,18.79,NA,142,97,"5","1314",NA,"CG","5KG SCALE. MIS READ STRIPE AS 100/000 WHEN MEASURING"
"994","1314-41336-B","CROZ","KA",610,"010/110","41336","B",NA,NA,NA,2014-01-25,NA,1325,0,NA,150,14.58,NA,129,93,"1","1314",NA,"CG","5KG SCALE"
"995","1314-48000-S","CROZ","KA",615,"111/110","48000","S",NA,NA,NA,2014-01-26,NA,9999,NA,NA,130,99.99,NA,117,87,"999","1314",NA,"CG","DEAD. STARVED, NOT EATEN, EXCEPT FOR HEAD."
"996","1314-46678-A","CROZ","KA",512,"101/111","46678","A",NA,NA,NA,2014-01-26,NA,2325,0,NA,165,17.51,NA,133,90,"1","1314",NA,"CG","5KG SCALE"
"997","1314-45124-A","CROZ","KA",502,"001/011","45124","A",NA,NA,NA,2014-01-26,NA,2075,0,NA,176,17.49,NA,140,102,"5 to 10","1314",NA,"CG","5KG SCALE"
"999","1314-70189-S","CROZ","KA",606,"011/001","70189","S",NA,NA,NA,2014-01-26,NA,2125,175,NA,175,16.41,NA,140,100,"5","1314",NA,"CG","5KG SCALE; NOT ZERO'D"
"1000","1314-46604-S","CROZ","KA",591,"111/100","46604","S",NA,NA,NA,2014-01-26,NA,2075,175,NA,158,16.59,NA,134,95,"5","1314",NA,"CG","5KG SCALE; NOT ZERO'D"
"1001","1314-40225-A","CROZ","KA",585,"100/100","40225","A",NA,NA,NA,2014-01-26,NA,1700,175,NA,158,17.49,NA,131,92,"25","1314",NA,"CG","5KG SCALE; NOT ZERO'D"
"1002","1314-46183-A","CROZ","KA",576,"000/000","46183","A",NA,NA,NA,2014-01-26,NA,1325,175,NA,164,17.77,NA,124,97,"70","1314",NA,"CG","5KG SCALE; NOT ZERO'D. CH SEEMS BARELY ALIVE"
"1003","1314-48391-S","CROZ","KA",605,"101/001","48391","S",NA,NA,NA,2014-01-26,NA,1825,175,NA,160,16.85,NA,129,93,"1","1314",NA,"CG","5KG SCALE; NOT ZERO'D"
"1004","1314-41381-O","CROZ","KA",622,"011/101","41381","O",NA,NA,NA,2014-01-26,NA,2275,175,NA,160,15.27,NA,128,91,"15","1314",NA,"CG","5KG SCALE; NOT ZERO'D"
"1005","1314-48445-S","CROZ","KA",511,"110/111","48445","S",NA,NA,NA,2014-01-27,NA,1950,0,NA,179,16.87,NA,146,99,"5","1314",NA,"CG","5KG SCALE"
"1006","1314-46641-S","CROZ","KA",589,"101/100","46641","S",NA,NA,NA,2014-01-27,NA,2725,0,NA,180,17.25,NA,150,100,"30","1314",NA,"CG","5KG SCALE"
"1007","1314-48611-S","CROZ","KA",573,"111/111","48611","S",NA,NA,NA,2014-01-27,NA,3275,0,NA,176,18.85,NA,147,99,"50","1314",NA,"CG","5KG SCALE"
"1008","1314-47679-A","CROZ","KA",602,"010/001","47679","A",NA,NA,NA,2014-01-27,NA,2400,0,NA,168,17.49,NA,140,98,"50","1314",NA,"CG","5KG SCALE"
"1009","1314-47679-B","CROZ","KA",603,"001/001","47679","B",NA,NA,NA,2014-01-27,NA,9999,NA,NA,106,14.2,NA,100,79,"999","1314",NA,"CG","DEAD. STARVED, NOT AT ALL EATEN, BUT FLAT AND A FEW DAYS OLD SO NO WEIGHT."
"1010","1314-49629-A","CROZ","KA",624,"000/011","49629","A",NA,NA,NA,2014-01-27,NA,1775,0,NA,165,16.57,NA,137,93,"5","1314",NA,"CG","5KG SCALE"
"1011","1314-41336-B","CROZ","KA",610,"010/110","41336","B",NA,65222,NA,2014-01-29,NA,1275,0,NA,155,14.53,NA,129,90,"5","1314",NA,"CG","5KG SCALE"
"1012","1314-41336-A","CROZ","KA",609,"100/110","41336","A",NA,65340,NA,2014-01-29,NA,2375,0,NA,184,18.81,NA,144,98,"10","1314",NA,"CG","5KG SCALE"
"1013","1314-46792-S","CROZ","KA",619,"001/101","46792","S",NA,65221,NA,2014-01-29,NA,2525,0,NA,184,19.4,NA,141,103,"15","1314",NA,"CG","5KG SCALE"
"1014","1314-47594-A","CROZ","KA",596,"110/010","47594","A",NA,65307,NA,2014-01-29,NA,2875,0,NA,164,17.5,NA,141,104,"5","1314",NA,"CG","5KG SCALE"
"1015","1314-50054-A","CROZ","KA",611,"001/110","50054","A",NA,65382,NA,2014-01-29,NA,2625,0,NA,165,15.96,NA,138,92,"10","1314",NA,"CG","5KG SCALE"
"1016","1314-49972-A","CROZ","KA",574,"000/011","49972","A",NA,65392,NA,2014-01-29,NA,1550,0,NA,170,17.23,NA,134,96,"15","1314",NA,"CG","5KG SCALE"
"1017","1314-48931-S","CROZ","KA",594,"010/010","48931","S",NA,65325,NA,2014-01-29,NA,2200,0,NA,186,19.22,NA,146,100,"15","1314",NA,"CG","5KG SCALE"
"1018","1314-48326-S","CROZ","KA",503,"110/011","48326","S",NA,NA,NA,2014-01-29,NA,1500,0,NA,140,16.5,NA,125,90,"5","1314",NA,"CG","5KG SCALE"
"1019","1314-12-A","CROZ","WB",584,"000/100","12","A",NA,NA,8576841,2014-02-01,NA,2775,25,NA,191,20.09,NA,150,101,"90","1314",NA,"CG","5KG SCALE"
"1020","1314-3-S","CROZ","WB",604,"110/001","3","S",NA,NA,8862639,2014-02-01,NA,3250,25,NA,175,18.09,NA,149,96,"50","1314",NA,"CG","5KG SCALE"
"1021","1314-15-A","CROZ","WB",582,"011/000","15","A",NA,NA,6346015,2014-02-01,NA,3275,0,NA,181,21.12,NA,150,99,"15","1314",NA,"CG","5KG SCALE"
"1022","1314-46604-S","CROZ","KA",591,"111/100","46604","S",NA,65425,NA,2014-02-01,NA,1750,0,NA,165,17.11,NA,137,95,"10","1314",NA,"CG","5KG SCALE"
"1023","1314-70189-S","CROZ","KA",606,"011/001","70189","S",NA,65408,NA,2014-02-01,NA,1625,0,NA,176,16.99,NA,140,99,"15","1314",NA,"CG","5KG SCALE"
"1024","1314-49629-A","CROZ","KA",624,"000/011","49629","A",NA,65230,NA,2014-02-01,NA,1775,0,NA,172,16.53,NA,137,95,"15","1314",NA,"CG","5KG SCALE"
"1025","1314-45124-A","CROZ","KA",502,"001/011","45124","A",NA,65294,NA,2014-02-01,NA,1750,0,NA,177,17.71,NA,139,102,"25","1314",NA,"CG","5KG SCALE"
"1026","1314-40225-A","CROZ","KA",585,"100/100","40225","A",NA,65243,NA,2014-02-01,NA,1325,0,NA,159,17.81,NA,130,96,"30","1314",NA,"CG","5KG SCALE"
"1027","1314-48445-S","CROZ","KA",511,NA,"48445","S",NA,65342,NA,2014-02-02,NA,2225,0,NA,179,17.82,NA,145,102,"20","1314",NA,"CG","5KG SCALE"
"1028","1314-32026-A","CROZ","KA",608,NA,"32026","A",NA,65228,NA,2014-02-02,NA,1500,0,NA,170,18.4,NA,145,99,"95","1314",NA,"CG","5KG SCALE"
"1029","1314-46678-A","CROZ","KA",512,NA,"46678","A",NA,65274,NA,2014-02-02,NA,2025,0,NA,175,18.93,NA,137,91,"5","1314",NA,"CG","5KG SCALE"
"1030","1314-48611-S","CROZ","KA",573,NA,"48611","S",NA,65320,NA,2014-02-02,NA,3250,0,NA,177,19.01,NA,152,98,"90","1314",NA,"CG","5KG SCALE"
"1031","1314-46183-A","CROZ","KA",576,NA,"46183","A",NA,NA,NA,2014-02-02,NA,9999,9999,NA,160,17.18,NA,125,96,"999","1314",NA,"CG","DEAD. STARVED, NOT SKUA KILLED, BUT EATEN AFTER DIED. NO WEIGHT."
"1035","1314-48326-S","CROZ","KA",503,"110/011","48326","S",NA,65283,NA,2014-02-03,NA,1175,0,NA,148,16.88,NA,126,92,"10","1314",NA,"CG","5KG SCALE"
"1036","1314-7-A","CROZ","WB",587,NA,"7","A",NA,NA,7826848,2014-02-03,NA,3975,0,NA,189,21.31,NA,155,105,"65","1314",NA,"CG","5KG SCALE. HANDREAD TODAY. TAGGED PREVIOUS DAY"
